municipios,Abacate,Café (em grão) Total,Maçã,Pêssego,Uva,Abobrinha,Beterraba,Chuchu,Jiló,Pimentão,Acelga (Toneladas),Alface (Toneladas),Batata-baroa (mandioquinha) (Toneladas),Batata-doce (Toneladas),Couve (Toneladas),Espinafre (Toneladas),Morango (Toneladas),Repolho (Toneladas),Rúcula (Toneladas),Tomate (estaqueado)
Brasil,212873,2683644,1307642,250449,1743430,0,0,0,0,0,0,0,0,0,0,0,0,0,0,0
Abadia dos Dourados,0,30,0,0,0,0,0,0,0,0,0,0,0,0,0,0,0,0,0,0
Abaeté,0,0,0,0,0,0,0,0,1,0,0,22,0,0,7,0,0,1,0,1
Abre Campo,0,3140,0,0,0,0,0,1,1,0,0,3,0,0,3,0,0,1,0,0
Acaiaca,0,3,0,0,0,1,0,1,0,0,0,3,0,0,1,0,0,1,0,0
Açucena,0,10,0,0,0,16,8,7,10,3,0,19,1,3,7,0,0,11,1,1324
Água Boa,0,2150,0,0,0,0,0,0,2,0,0,15,0,0,0,0,0,0,2,0
Água Comprida,0,0,0,0,0,4,1,0,4,2,0,8,0,0,1,0,0,3,0,0
Aguanil,0,1801,0,0,0,0,0,0,0,0,0,1,0,0,1,0,0,0,0,0
Águas Formosas,0,0,0,0,0,1,2,0,0,5,0,15,0,1,3,0,0,0,0,0
Águas Vermelhas,0,1211,0,0,0,2,0,0,3,49,0,6,0,0,4,0,0,0,0,839
Aimorés,108,2480,0,0,0,0,0,0,0,0,0,1,0,0,0,0,0,0,0,0
Aiuruoca,0,15,3,0,0,0,0,0,0,0,0,1,0,0,0,0,0,0,0,0
Alagoa,0,0,0,0,0,0,0,0,0,0,0,11,0,0,0,0,0,0,0,0
Albertina,0,2556,0,0,0,0,0,0,0,0,0,0,0,0,0,0,0,0,0,0
Além Paraíba,0,0,0,0,0,46,26,69,47,6,35,316,0,4,73,4,0,44,19,148
Alfenas,0,14566,0,0,0,104,0,0,39,378,0,30,0,0,0,0,1780,700,0,1490
Alfredo Vasconcelos,3,0,0,117,0,2,1,0,0,5,0,27,0,1,6,0,0,0,0,0
Almenara,0,440,0,0,0,12,0,0,120,0,0,0,0,5,3,0,0,0,0,10
Alpercata,0,0,0,0,0,41,11,0,32,1,0,60,0,0,5,0,0,11,5,0
Alpinópolis,0,7710,0,0,23,0,0,0,0,0,0,10,0,0,3,0,0,0,0,0
Alterosa,0,6867,0,0,3,0,0,0,0,0,0,12,0,0,4,0,0,0,0,0
Alto Caparaó,0,3880,0,0,0,0,0,0,0,0,0,0,0,0,0,0,0,0,0,0
Alto Rio Doce,0,0,0,0,0,0,0,0,2,0,0,9,0,0,3,0,0,0,0,0
Alvarenga,0,525,0,0,0,0,0,0,0,1,0,28,0,0,6,2,0,3,1,0
Alvinópolis,0,3,0,0,0,0,0,0,0,0,0,0,0,0,0,0,0,0,0,0
Alvorada de Minas,0,5,0,0,0,0,0,0,1,0,0,10,0,0,6,0,0,1,0,268
Amparo do Serra,0,196,0,0,0,382,487,0,0,0,0,645,176,470,126,2,0,22,7,3130
Andradas,0,9950,0,30,300,3,8,14,5,2,0,21,0,4,8,0,0,8,3,5
Cachoeira de Pajeú,0,5,0,0,0,0,0,0,0,0,0,0,0,0,0,0,0,0,0,0
Andrelândia,0,420,0,0,2,14,6,2,9,11,0,4,0,4,1,0,0,21,0,48
Angelândia,0,2812,0,0,2,63,15,0,19,109,0,3,0,6,1,0,527,1528,0,994
Antônio Carlos,120,0,108,165,7,0,0,0,18,0,0,17,0,0,5,0,0,4,0,36
Antônio Dias,0,1,0,0,0,506,0,0,122,0,0,0,0,0,1,0,0,0,0,0
Antônio Prado de Minas,0,75,0,0,0,0,0,0,0,0,0,0,0,0,0,0,0,0,0,0
Araçaí,0,0,0,0,0,7,7,0,1,7,0,16,0,5,6,0,0,3,0,79
Aracitaba,0,0,0,0,0,1039,0,0,1063,943,24,697,0,0,141,4,0,26,19,32456
Araçuaí,0,3,0,0,0,0,0,0,0,0,0,0,0,0,0,0,0,0,0,0
Araguari,210,27550,0,0,20,0,0,0,0,0,0,2,0,0,4,0,0,0,0,0
Arantina,0,0,27,0,0,0,0,0,0,0,0,0,0,0,0,0,0,0,0,0
Araponga,0,7500,0,0,0,0,0,0,0,0,0,0,0,0,0,0,0,0,0,295
Araporã,0,0,0,0,0,0,0,0,0,0,0,72,0,0,1,0,0,0,0,0
Arapuá,0,997,0,0,0,6,0,0,44,5,7,326,0,0,42,6,0,25,18,18
Araújos,0,0,0,0,0,9,0,20,13,0,0,34,0,0,5,0,0,23,0,0
Araxá,160,4480,0,0,0,0,0,0,0,0,0,22,0,0,7,0,0,0,0,630
Arceburgo,12,1120,0,0,0,0,0,0,0,0,0,17,0,0,1,0,0,1,0,0
Arcos,0,0,0,0,0,0,0,0,54,0,0,1,0,0,1,0,0,0,0,0
Areado,0,4486,0,0,0,3,4,4,1,4,0,9,0,3,3,0,0,17,0,0
Argirita,0,0,0,0,0,4,0,0,12,5,0,41,0,0,2,0,0,0,0,5
Aricanduva,13,376,0,0,0,0,0,0,0,0,0,8,0,0,0,0,0,0,0,0
Arinos,0,0,0,0,0,1,1,0,2,0,0,9,0,1,24,0,0,1,0,15
Astolfo Dutra,10,24,0,0,0,0,0,0,0,0,0,1,0,0,0,0,0,0,0,0
Ataléia,0,54,0,0,0,0,2,0,1,1,0,23,0,0,2,0,0,2,0,0
Augusto de Lima,8,0,0,0,0,414,0,0,202,160,0,30,0,0,2,0,0,0,0,1342
Baependi,0,1427,0,0,0,354,1,2,4,0,0,47,0,0,7,0,0,38,2,11
Baldim,30,0,0,0,0,0,0,0,0,0,0,4,0,0,2,0,0,1,0,0
Bambuí,0,4200,0,0,0,6,0,0,0,0,0,12,0,0,0,0,0,0,0,0
Bandeira,0,72,0,0,0,0,1,0,0,0,0,8,0,0,4,0,0,0,0,0
Bandeira do Sul,0,543,0,0,0,0,0,0,1,0,0,1,0,0,1,0,0,0,0,0
Barão de Cocais,0,2,0,0,0,901,152,39,606,1378,0,546,42,35,222,11,607,5199,2,9042
Barão do Monte Alto,0,0,0,0,0,0,1,3,1,0,0,12,0,1,7,0,0,1,0,1
Barbacena,182,0,770,2960,21,0,0,0,0,0,0,0,0,0,0,0,0,0,0,0
Barra Longa,0,0,0,0,0,0,0,0,0,0,0,6,0,0,2,0,0,0,0,0
Barroso,0,0,0,0,0,1,0,1,1,0,0,2,0,0,1,0,0,1,0,0
Bela Vista de Minas,0,0,0,0,0,0,1,3,0,0,0,127,0,0,11,1,0,0,5,0
Belmiro Braga,0,0,0,0,0,0,0,0,0,0,0,2,0,0,1,0,0,0,0,0
Belo Horizonte,0,0,0,0,0,0,0,0,22,10,0,10,0,0,5,0,0,0,0,5
Belo Oriente,0,0,0,0,0,3,2,1,0,0,0,11,0,5,8,0,0,3,0,1
Belo Vale,20,0,0,0,9,0,0,0,0,0,0,0,0,0,0,0,0,0,0,0
Berilo,0,2,0,0,16,0,0,0,0,0,0,1,0,0,1,0,0,0,0,0
Bertópolis,0,0,0,0,0,27,13,25,11,12,73,763,0,11,189,40,0,137,198,150
Berizal,0,182,0,0,0,0,0,0,0,0,0,0,0,0,0,0,0,0,0,0
Betim,0,0,0,0,0,0,0,0,0,0,0,0,0,0,0,0,0,0,0,0
Bias Fortes,0,0,0,0,0,0,0,0,0,0,0,2,0,0,1,0,0,1,0,0
Bicas,0,0,0,0,0,8,2,5,7,0,1,1295,0,3,18,1,0,24,3,1
Biquinhas,0,0,0,0,0,0,0,0,0,0,0,1,0,0,0,0,0,0,0,0
Boa Esperança,0,26570,0,0,15,104,25,322,15,35,0,95,0,5,45,2,0,16,5,161
Bocaina de Minas,0,0,0,0,0,63,2,0,51,0,0,22,0,0,5,0,0,10,0,0
Bocaiúva,8,243,0,0,12,0,0,0,0,0,0,0,0,0,0,0,0,0,0,0
Bom Despacho,0,0,0,0,0,0,0,0,4,10,0,2,0,0,0,0,0,0,0,40
Bom Jardim de Minas,0,0,0,0,0,0,0,0,1,0,0,268,0,0,4,0,0,3,0,0
Bom Jesus da Penha,80,4700,0,0,0,1,0,0,1,203,0,4,0,0,1,0,0,0,0,0
Bom Jesus do Amparo,0,3,0,0,0,0,0,0,0,0,0,0,0,0,0,0,15444,0,0,57
Bom Jesus do Galho,0,1400,0,0,0,0,0,0,0,0,0,2,0,0,0,0,0,0,0,0
Bom Repouso,0,17,0,0,0,35,0,0,26,39,0,0,0,21,0,0,0,0,0,0
Bom Sucesso,0,3655,0,0,0,0,0,0,0,0,0,9,0,0,0,0,0,0,0,0
Bonfim,140,0,0,0,0,0,0,0,0,0,0,10,0,0,2,0,0,0,0,1
Bonfinópolis de Minas,0,1500,0,0,0,21,0,0,4,0,0,123,0,0,14,0,328,15,12,75
Bonito de Minas,0,0,0,0,0,15,0,0,0,0,0,1,0,0,0,0,0,0,0,28
Borda da Mata,0,1016,0,0,0,1,1,1,0,1,0,6,0,1,1,0,0,1,0,18
Botelhos,0,11850,0,0,0,0,0,0,3,0,0,7,0,0,1,0,0,0,0,0
Botumirim,0,12,0,0,0,0,1,0,0,1,0,4,0,0,2,0,0,0,0,2
Brasilândia de Minas,0,0,0,0,22,0,0,0,0,0,0,4,0,0,0,0,0,0,0,0
Brasília de Minas,0,0,0,0,0,0,0,0,0,0,0,0,0,0,0,0,0,0,0,0
Brás Pires,0,0,0,0,0,3,3,1,1,74,0,6,0,2,16,1,15,2,0,28
Braúnas,0,5,0,0,0,273,8,1965,651,374,154,985,0,1,336,418,0,14,108,241
Brazópolis,0,320,0,0,0,202,0,19,0,0,0,16,219,0,1,0,1887,0,0,6
Brumadinho,13,0,0,0,0,0,0,0,0,0,0,1,0,0,1,0,0,0,0,0
Bueno Brandão,28,2400,0,0,16,32,0,0,108,9,0,0,0,0,0,0,0,0,0,1310
Buenópolis,0,0,0,0,0,2,1,0,40,0,0,40,0,0,12,0,0,0,1,26
Bugre,0,0,0,0,0,0,0,0,0,1,0,20,0,0,6,0,0,0,0,3
Buritis,0,815,0,0,0,0,0,0,0,0,0,0,0,0,0,0,0,0,0,0
Buritizeiro,0,3300,0,0,20,1,0,0,0,0,0,9,0,0,2,0,0,1,0,0
Cabeceira Grande,0,0,0,0,0,0,0,0,0,0,0,3,0,0,0,0,0,0,0,0
Cabo Verde,0,14620,0,0,0,33,0,22,10,486,0,31,0,0,12,0,1402,2,0,184
Cachoeira da Prata,0,0,0,0,0,0,0,0,0,0,0,0,0,0,0,0,0,0,0,0
Cachoeira de Minas,7,1675,0,0,6,21,1,0,1,4,0,67,0,0,7,0,0,2,0,13
Cachoeira Dourada,0,0,0,0,0,1,4,2,1,1,81,530,0,0,70,70,0,3,47,0
Caetanópolis,0,0,0,0,0,0,1,2,1,0,0,2,0,1,0,0,0,0,0,0
Caeté,0,29,0,0,0,2,2,0,13,35,0,6,0,0,12,0,0,16,0,1589
Caiana,0,4782,0,0,0,1423,0,0,0,0,2,43,1955,280,37,0,46,69,0,41
Cajuri,0,900,0,0,0,8,1,0,0,10,0,11,0,0,2,0,0,5,1,90
Caldas,0,1618,0,350,530,58,0,8,23,70,7,98,0,1,31,2,2889,98,4,150
Camacho,0,1985,0,0,0,0,0,0,0,0,0,28,0,0,0,0,0,0,0,96
Camanducaia,0,0,0,0,0,0,0,0,0,0,0,3,0,0,2,0,0,2,0,0
Cambuí,0,8,0,0,3,0,0,0,4,16,0,13,0,0,1,0,0,0,0,0
Cambuquira,194,4410,0,0,0,121,0,0,0,17,0,40,0,0,15,0,0,0,0,695
Campanário,0,0,0,0,0,9,1,0,13,0,0,56,0,0,5,0,0,1,3,1
Campanha,3,7780,26,78,0,0,0,0,0,0,0,0,0,0,0,0,0,0,0,0
Campestre,11,21060,0,70,6,14,3,0,2,0,0,38,0,0,1,0,0,1,0,0
Campina Verde,0,0,0,0,2,61,1,1,1,0,0,13,0,0,2,0,0,1,0,0
Campo Azul,0,0,0,0,0,21,1,0,35,0,0,31,0,1,7,0,0,0,3,0
Campo Belo,0,4620,0,0,0,0,2654,0,0,0,0,0,0,0,0,0,0,0,0,0
Campo do Meio,0,9590,0,0,0,51,4,1,3,2,0,753,0,1,51,0,0,26,1,2780
Campo Florido,0,0,0,0,0,0,0,0,0,0,0,0,0,0,0,0,0,1,0,0
Campos Altos,1794,14540,0,0,30,0,0,0,2,0,0,7,0,0,0,0,0,0,0,0
Campos Gerais,230,28085,0,0,10,10,0,0,6,1,0,14,0,0,1,0,0,12,0,273
Canaã,0,3150,0,0,7,0,0,0,0,0,0,0,0,0,0,0,0,0,0,1
Canápolis,0,0,0,0,0,0,0,0,0,0,0,0,0,0,0,0,0,0,0,0
Cana Verde,0,630,0,0,0,0,1,0,0,0,0,2,0,0,0,0,0,0,0,0
Candeias,0,8004,0,0,0,52,26,36,16,36,0,57,0,10,14,1,1,57,2,2185
Cantagalo,0,0,0,0,0,2,0,0,0,0,0,16,0,0,2,0,0,0,0,0
Caparaó,0,6680,0,0,0,7,9,4,10,7,0,186,0,14,90,9,0,18,62,16
Capela Nova,0,349,0,0,0,0,3,0,5,0,0,135,0,0,7,0,0,5,4,3
Capelinha,0,5100,0,0,7,0,0,0,0,0,0,2,0,0,2,0,0,0,0,1
Capetinga,0,7610,0,0,0,9,2,0,0,0,0,14,0,0,3,0,0,0,0,0
Capim Branco,0,0,0,0,0,0,0,1,0,0,0,8,0,0,0,0,0,0,0,0
Capinópolis,0,0,0,0,60,0,0,0,0,0,0,4,0,0,2,0,0,0,0,0
Capitão Andrade,0,0,0,0,0,7,13,17,2,6,0,24,0,4,11,0,0,14,1,45
Capitão Enéas,0,6,0,0,0,0,0,0,0,0,0,1,0,0,0,0,0,0,0,0
Capitólio,0,2961,0,0,0,804,12560,0,108,546,0,51,0,0,6,0,30,6306,0,7638
Caputira,40,3000,0,0,0,0,0,0,0,0,0,5,0,0,2,0,0,0,0,0
Caraí,0,358,0,0,0,115,0,20,186,400,0,291,0,19,234,10,0,204,21,1885
Caranaíba,0,9,0,0,80,2,3,2,0,0,0,20,0,0,4,0,0,1,1,555
Carandaí,25,0,0,0,2,2,0,0,8,0,0,5,0,0,0,0,0,3,0,0
Carangola,0,5060,0,0,0,0,0,0,1,0,0,12,0,0,6,0,0,0,0,0
Caratinga,39,13460,0,0,0,0,0,0,0,0,0,0,0,0,0,0,0,0,0,0
Carbonita,0,0,0,0,0,0,0,0,0,0,0,2,0,0,0,0,0,0,0,0
Careaçu,0,1972,0,0,8,0,0,0,0,0,0,0,0,0,0,0,0,0,0,0
Carlos Chagas,0,0,0,0,0,2,7,1,13,17,0,410,0,8,47,21,0,21,28,0
Carmésia,0,0,0,0,0,1452,0,0,8,97,0,43,0,0,1,0,0,0,0,2429
Carmo da Cachoeira,5249,17400,0,0,0,2,0,0,0,0,0,12,0,0,0,0,0,7,0,189
Carmo da Mata,0,1000,0,0,0,3,0,3,2,0,0,17,0,0,2,0,0,2,2,2
Carmo de Minas,0,5476,0,0,0,157,0,0,21,142,0,2,0,0,0,0,0,0,0,12329
Carmo do Cajuru,0,0,0,0,0,0,0,0,0,0,0,0,0,0,0,0,0,0,0,0
Carmo do Paranaíba,9,16470,0,0,0,0,0,0,0,0,0,1,0,0,1,0,0,0,0,0
Carmo do Rio Claro,0,16745,0,0,0,0,0,0,15,0,0,0,0,0,1,0,0,0,0,54
Carmópolis de Minas,935,225,0,0,0,0,0,0,0,0,0,0,0,0,0,0,0,0,0,0
Carneirinho,0,0,0,0,0,0,77,0,0,135,0,0,0,0,0,0,0,1384,0,652
Carrancas,0,47,0,0,0,101,0,0,5,233,0,21,0,0,0,0,0,0,0,2288
Carvalhópolis,0,2485,0,0,0,9,0,0,2,0,0,151,0,0,5,0,0,0,4,0
Carvalhos,0,0,0,0,0,0,0,0,0,0,0,0,0,0,0,0,0,0,0,0
Casa Grande,0,34,0,0,0,0,0,0,0,0,0,17,0,0,14,0,0,0,0,0
Cascalho Rico,0,760,0,0,0,0,0,0,1,0,0,2,0,0,1,0,0,0,0,0
Cássia,0,7200,0,0,0,0,1,1,0,0,0,2,0,0,1,0,0,2,0,2
Conceição da Barra de Minas,0,376,0,0,0,2,2,1,2,3,0,2,0,0,3,0,0,7,0,12
Cataguases,0,4,0,0,0,0,0,0,0,0,0,0,0,0,0,0,0,0,0,0
Catas Altas,0,0,0,0,15,2,0,0,0,0,0,0,0,0,1,1,0,0,0,0
Catas Altas da Noruega,0,7,0,0,0,0,0,0,0,0,0,1,0,0,3,0,0,0,0,0
Catuji,0,33,0,0,0,5,0,0,0,0,0,5,0,0,0,0,0,0,0,0
Catuti,0,0,0,0,0,0,0,0,0,0,0,1,0,0,1,0,0,0,0,1
Caxambu,0,54,0,0,0,0,0,0,0,0,0,0,0,0,0,0,0,0,0,0
Cedro do Abaeté,0,0,0,0,0,1,1,1,0,0,0,16,0,3,4,0,0,7,0,1
Central de Minas,0,23,0,0,0,0,0,0,0,0,0,0,0,0,0,0,0,0,0,0
Centralina,0,0,0,0,0,0,0,0,6,0,0,0,0,0,0,0,0,0,0,0
Chácara,0,0,0,0,0,0,0,0,0,0,0,1,0,0,1,0,0,0,0,0
Chalé,0,2860,0,0,0,18,4,31,22,0,0,22,0,0,5,0,0,14,2,2
Chapada do Norte,0,2,0,0,0,7,0,294,6,27,0,197,0,0,5,0,0,112,0,25
Chapada Gaúcha,0,0,0,0,0,34,2,0,62,90,0,22,0,0,10,0,0,13,0,347
Chiador,0,0,0,0,0,65,16,0,2,190,0,31,0,0,11,0,0,9,0,1726
Cipotânea,0,0,0,0,0,0,0,0,0,0,0,0,0,0,0,0,0,0,0,0
Claraval,0,3270,0,0,0,0,0,0,0,0,0,0,0,0,0,0,0,0,0,0
Claro dos Poções,0,3,0,0,0,1,1,0,0,0,0,1,0,0,0,0,0,0,0,1
Cláudio,100,248,0,0,0,0,0,0,0,0,0,16,0,0,5,0,0,9,1,0
Coimbra,0,725,0,0,0,0,0,0,0,0,0,0,0,0,0,0,0,0,0,624
Coluna,0,4,0,0,0,15,0,0,17,4,0,46,0,3,5,0,0,2,1,1
Comendador Gomes,0,0,0,0,0,0,0,0,0,0,0,0,0,0,0,0,0,0,0,0
Comercinho,0,3,0,0,0,0,0,0,0,0,0,1,0,0,1,0,0,0,0,5
Conceição da Aparecida,0,15930,0,0,0,0,0,0,0,0,0,6,0,0,2,0,0,0,0,0
Conceição das Pedras,0,1190,0,0,0,0,0,0,0,0,0,0,0,0,0,0,0,0,0,500
Conceição das Alagoas,880,49,0,0,0,0,0,0,0,0,0,0,0,0,0,0,0,0,0,0
Conceição de Ipanema,0,850,0,0,0,1,18,0,0,2,0,22,0,0,5,0,0,1,0,0
Conceição do Mato Dentro,0,16,0,0,0,0,2,0,0,0,0,9,59,0,3,0,1013,2,0,0
Conceição do Pará,0,0,0,0,0,0,0,0,0,0,0,421,0,0,82,0,0,0,0,0
Conceição do Rio Verde,0,4732,0,0,0,0,0,0,0,0,0,1,0,0,1,0,0,2,0,0
Conceição dos Ouros,0,264,0,0,8,0,0,0,0,0,0,45,0,0,1,0,0,0,0,0
Cônego Marinho,0,0,0,0,0,0,0,0,121,0,0,78,0,0,11,0,0,449,0,0
Confins,0,0,0,0,0,0,0,4,0,0,0,13,0,0,11,0,0,0,0,0
Congonhal,0,452,0,0,0,16,0,1,0,0,0,11,0,0,2,0,475,0,0,49
Congonhas,0,14,0,0,0,0,0,0,0,0,0,124,0,0,65,0,0,0,64,0
Congonhas do Norte,0,18,0,0,0,11,1,1,1,0,0,9,0,0,2,0,0,2,1,0
Conquista,0,0,0,0,0,187,0,2,36,337,0,27,0,0,1,0,0,16,0,1271
Conselheiro Lafaiete,0,0,0,0,0,244,0,0,584,17,0,2,0,0,0,0,0,0,0,271
Conselheiro Pena,75,5939,0,0,0,0,0,0,0,0,0,0,0,0,0,0,0,0,0,0
Consolação,0,3,0,0,0,0,0,0,0,0,0,61,0,0,0,0,0,0,0,0
Contagem,0,0,0,0,0,7,0,0,2,0,0,9,0,0,3,0,0,18,1,8
Coqueiral,0,6270,0,0,0,0,0,0,0,0,0,66,0,0,18,0,0,6,0,0
Coração de Jesus,0,0,0,0,0,1,3,0,2,1,0,11,0,1,4,0,0,1,0,2
Cordisburgo,33,0,0,0,0,0,0,0,0,0,0,10,0,0,14,0,0,0,0,0
Cordislândia,0,2520,0,0,0,36,93,0,82,0,0,40,127,0,77,0,0,94,0,0
Corinto,0,0,0,0,0,0,0,0,0,0,0,2,0,0,0,0,0,0,0,0
Coroaci,0,92,0,0,0,14,0,0,0,0,0,5,0,0,3,0,108,0,0,76
Coromandel,0,10630,0,0,0,0,0,0,0,0,0,0,0,0,0,0,0,0,0,0
Coronel Fabriciano,0,0,0,0,0,0,0,0,0,0,0,0,0,0,0,0,0,0,0,0
Coronel Murta,0,0,0,0,0,0,2,0,0,0,0,1,0,0,0,0,0,0,0,0
Coronel Pacheco,0,0,0,0,0,0,0,0,0,0,0,4,0,0,0,0,0,0,0,0
Coronel Xavier Chaves,0,0,0,0,0,7,1,0,11,0,0,19,0,0,0,0,0,5,0,9
Córrego Danta,0,1930,0,0,0,1,0,0,0,0,0,1,0,0,1,0,0,0,0,12
Córrego do Bom Jesus,0,0,0,0,12,110,282,3,10,12,0,67,0,0,52,8,0,86,1,174
Córrego Fundo,0,25,0,0,0,46,24,5,36,20,0,3,0,13,7,0,0,108,0,515
Córrego Novo,0,50,0,0,0,0,0,0,93,84,0,4,0,21,2,0,0,0,0,145
Couto de Magalhães de Minas,0,0,0,0,0,0,0,4,2,0,0,12,0,0,1,0,0,13,0,0
Crisólita,0,0,0,0,0,0,0,0,0,0,0,0,0,0,0,0,0,0,0,0
Cristais,0,7483,0,0,0,0,1,0,0,0,0,7,0,0,1,0,0,1,0,0
Cristália,0,4,0,0,0,63,0,0,131,0,0,17,0,0,7,0,0,0,0,91
Cristiano Otoni,0,0,0,0,0,3,1,0,0,6,0,16,0,0,1,0,966,1,0,1
Cristina,0,1409,0,0,0,13,0,0,4,8,0,2,0,0,0,0,45,22,0,200
Crucilândia,0,0,0,0,3,0,0,0,0,0,0,0,0,0,0,0,0,0,0,0
Cruzeiro da Fortaleza,0,1448,0,0,0,0,0,0,0,0,0,0,0,0,0,0,0,0,0,0
Cruzília,0,72,0,0,0,0,0,0,0,0,0,0,0,0,0,0,0,0,0,0
Cuparaque,0,138,0,0,0,0,0,0,0,0,0,10,0,0,1,0,0,0,0,0
Curral de Dentro,0,31,0,0,5,8,0,0,19,6,0,0,0,0,29,0,0,0,0,0
Curvelo,0,0,0,0,0,3,5,1,1,1,0,14,0,0,10,0,0,6,2,14
Datas,0,3,0,0,0,1,0,0,1,0,0,4,0,0,1,0,0,0,0,1
Delfim Moreira,0,0,0,31,10,24,0,0,0,0,0,3,0,0,0,0,0,0,0,0
Delfinópolis,0,297,0,0,0,0,1,0,1,1,0,15,0,0,4,0,0,0,0,0
Delta,0,0,0,0,0,0,0,0,1,0,0,0,0,0,0,0,0,0,0,0
Descoberto,0,1,0,0,0,0,0,0,0,0,0,0,0,0,0,0,0,0,0,0
Desterro de Entre Rios,40,312,0,0,0,139,20,18,83,58,20,327,0,1,146,43,4,184,18,117
Desterro do Melo,0,2,0,0,0,0,0,0,0,0,0,11,0,0,0,0,0,0,0,0
Diamantina,0,540,0,0,6,3,10,0,3,0,0,27,0,0,4,0,0,13,3,0
Diogo de Vasconcelos,0,0,0,0,0,0,0,0,0,3,0,1,0,0,1,0,0,0,0,0
Dionísio,0,3,0,0,0,0,0,0,0,0,0,0,0,0,0,0,0,0,0,0
Divinésia,0,230,0,0,0,5,0,0,22,0,0,2,0,0,0,0,0,0,0,0
Divino,0,9630,0,0,0,0,0,0,0,0,0,1,0,0,1,0,0,0,0,0
Divino das Laranjeiras,0,4,0,0,0,0,0,1,0,0,0,3,0,0,1,0,0,0,0,0
Divinolândia de Minas,0,30,0,0,0,0,0,0,0,0,0,2,0,0,0,0,0,0,0,0
Divinópolis,0,0,0,0,12,0,0,0,0,0,0,25,0,0,1,0,0,0,0,0
Divisa Alegre,0,144,0,0,0,0,0,0,0,0,0,0,0,0,0,0,0,0,0,0
Divisa Nova,0,3832,0,0,0,0,0,0,0,0,0,0,0,0,0,0,0,0,0,0
Divisópolis,0,745,0,0,0,0,0,0,0,0,0,2,0,0,0,0,0,0,0,0
Dom Bosco,0,0,0,0,0,0,0,0,0,0,0,0,0,0,0,0,0,0,0,0
Dom Cavati,0,14,0,0,0,0,0,0,0,0,0,0,0,0,0,0,0,0,0,0
Dom Joaquim,0,0,0,0,0,6,0,2,2,0,6,32,0,0,18,2,0,2,3,54
Dom Silvério,0,0,0,0,0,1,0,0,162,0,0,6,0,0,1,0,0,0,0,83
Dom Viçoso,0,407,0,0,0,0,0,0,0,0,0,2,0,0,2,0,0,1,0,0
Dona Euzébia,0,0,0,0,0,0,0,0,31,0,0,10,0,0,15,0,0,0,0,0
Dores de Campos,0,0,0,0,0,42,9,0,10,52,0,12,0,0,2,0,0,38,0,0
Dores de Guanhães,0,0,0,0,0,11,0,0,2,0,0,32,0,0,3,0,0,5,0,1204
Dores do Indaiá,0,0,0,0,0,14,3,17,61,6,5,132,0,0,34,1,0,7,6,59
Dores do Turvo,0,38,0,0,0,7,6,1,13,0,0,10,0,11,17,0,6,4,0,0
Doresópolis,0,207,0,0,0,1,3,0,0,5,0,35,0,4,6,0,0,0,1,25
Douradoquara,0,0,0,0,0,0,0,0,0,0,0,41,9153,0,0,0,5136,0,0,0
Durandé,0,6010,0,0,0,164,5,44,60,331,0,79,0,0,23,0,8237,32,1,443
Elói Mendes,5,10980,0,0,270,0,0,0,0,0,0,0,0,0,0,0,0,0,0,0
Engenheiro Caldas,0,0,0,0,0,0,0,0,0,0,0,0,0,0,0,0,0,0,0,0
Engenheiro Navarro,0,3,0,0,0,115,0,0,2,94,0,6,0,0,1,0,0,0,0,1233
Entre Folhas,0,343,0,0,0,1,1,2,3,0,0,266,0,1,197,21,0,0,25,0
Entre Rios de Minas,0,365,0,0,0,0,0,0,0,0,0,0,0,0,0,0,0,0,0,0
Ervália,60,7800,30,30,0,23,1,0,0,1,0,55,0,0,13,0,0,2,1,54
Esmeraldas,0,91,0,0,0,5,0,6,7,0,0,9,0,0,4,0,0,0,0,0
Espera Feliz,0,11880,0,0,0,0,0,0,0,0,0,0,0,0,0,0,0,0,0,0
Espinosa,0,0,0,0,0,0,0,0,0,0,0,1,0,0,1,0,0,0,0,1
Espírito Santo do Dourado,0,560,0,0,0,0,0,0,0,0,0,0,0,0,0,0,0,0,0,0
Estiva,0,5,0,0,0,0,1,1,0,0,0,4,0,0,1,0,0,0,0,0
Estrela Dalva,0,91,0,0,0,0,0,0,17,0,0,2,0,0,1,0,0,0,0,0
Estrela do Indaiá,0,252,0,0,0,8,0,0,37,21,0,0,0,0,0,0,0,0,0,47
Estrela do Sul,100,5060,0,0,0,0,0,0,0,0,0,2,0,0,0,0,0,0,0,0
Eugenópolis,0,1533,0,0,0,13,13,1,25,1,0,58,0,0,30,0,0,10,0,25
Ewbank da Câmara,0,0,0,0,0,0,0,0,122,0,0,608,0,0,0,0,0,0,0,39
Extrema,0,4,0,0,0,47,94,9,20,174,0,180,0,11,26,0,0,75,0,1470
Fama,0,1584,0,0,0,6,1,0,0,0,0,2,0,0,1,0,0,4,0,5
Faria Lemos,0,690,0,0,0,2,1,1,4,1,0,8,0,0,1,0,0,6,0,0
Felício dos Santos,0,300,0,0,0,0,0,0,0,0,0,5,0,0,0,0,0,0,0,0
São Gonçalo do Rio Preto,0,143,0,0,0,1,1,0,0,1,0,4,0,5,3,0,0,2,0,2
Felisburgo,0,18,0,0,0,0,0,0,0,0,0,3,0,0,3,0,0,0,0,0
Felixlândia,0,0,0,23,0,44,76,0,0,1,0,26,0,3,3,0,0,0,0,4
Fernandes Tourinho,0,3,0,0,0,0,1,4,0,0,0,3,0,0,1,0,0,1,0,3
Ferros,0,32,0,0,0,0,2,0,0,46,0,10,0,0,2,0,0,5,0,175
Fervedouro,25,5010,0,0,0,3,1,0,1,0,0,16,0,2,3,0,0,1,1,2
Florestal,0,0,0,0,28,4,2,10,2,1,1,6,0,1,3,1,0,2,1,2
Formiga,0,4680,0,0,0,0,0,0,2,0,0,22,0,0,1,0,0,0,1,0
Formoso,0,514,0,0,0,0,0,0,0,0,0,0,0,0,0,0,0,0,0,0
Fortaleza de Minas,0,1248,0,0,95,1,0,2,0,0,0,8,0,0,1,0,0,1,0,5
Fortuna de Minas,0,0,0,0,0,1,0,0,51,0,0,95,0,0,19,0,0,0,14,11
Francisco Badaró,0,0,0,0,0,0,0,0,0,0,0,9,0,0,1,0,0,0,0,0
Francisco Dumont,0,480,0,0,0,1,0,0,0,0,0,0,0,0,0,0,0,0,0,0
Francisco Sá,0,2,0,0,0,1,0,0,0,0,0,4,0,1,0,0,0,0,0,0
Franciscópolis,0,14,0,0,0,27,0,0,0,0,0,15,0,0,2,0,0,0,0,5
Frei Gaspar,0,25,0,0,0,0,0,0,0,0,0,0,0,0,1,0,0,0,0,0
Frei Inocêncio,0,0,0,0,0,3,12,0,0,31,0,9,0,0,2,2,8,3,2,149
Frei Lagonegro,0,10,0,0,0,0,1,0,0,0,0,4,0,0,3,0,0,1,0,1
Fronteira,0,0,0,0,0,5,24,9,14,14,0,31,3,5,20,0,3,14,0,13
Fronteira dos Vales,0,0,0,0,0,2,1,0,57,0,0,104,0,3,40,0,0,31,2,1
Fruta de Leite,0,4,0,0,0,1,2,0,0,0,0,3,0,0,2,0,0,0,0,71
Frutal,0,0,0,0,0,0,0,0,0,0,0,0,0,0,0,0,0,0,0,0
Funilândia,10,0,0,0,0,8,5,10,18,19,0,21,0,2,14,0,0,4,2,8
Galiléia,0,7,0,0,0,9,4,3,8,3,0,105,0,0,1,0,0,13,0,350
Gameleiras,0,0,0,0,0,0,0,0,1,0,0,21,0,0,5,0,0,4,0,0
Glaucilândia,260,0,0,0,0,2,0,0,0,0,0,9,0,0,4,0,0,0,0,0
Goiabeira,0,0,0,0,0,85,0,0,0,0,0,38,0,0,3,0,0,0,0,0
Goianá,0,0,0,0,0,0,0,0,0,0,0,7,0,0,1,0,0,0,0,0
Gonçalves,0,0,0,0,0,0,0,0,0,0,0,2,0,0,2,0,0,0,0,0
Gonzaga,0,4,0,0,0,2,0,0,1,0,0,3,0,0,1,0,0,0,0,0
Gouveia,14,0,0,0,0,0,0,0,0,0,0,59,0,0,17,0,0,0,0,0
Governador Valadares,0,6,0,0,8,196,0,0,197,990,0,42,0,0,40,0,0,0,1,392
Grão Mogol,20,28,0,0,0,0,0,0,0,0,0,0,0,906,0,0,0,191,0,3463
Grupiara,0,0,0,0,0,12,0,0,312,242,0,2,0,0,1,0,0,0,0,206
Guanhães,0,8,0,0,0,4,0,0,5,0,0,12,0,0,0,0,0,0,0,0
Guapé,0,12672,0,0,0,0,0,0,0,0,0,5,0,0,0,0,0,0,0,0
Guaraciaba,0,154,0,0,8,51,0,0,308,0,0,3,0,0,5,0,0,0,0,5497
Guaraciama,0,0,0,0,0,0,0,0,0,0,0,0,174,0,0,0,0,102,0,0
Guaranésia,200,4675,0,0,0,0,0,0,0,0,0,20,0,0,3,0,0,0,0,0
Guarani,0,128,0,0,0,0,0,0,0,0,0,0,0,0,0,0,0,0,0,0
Guarará,10,29,0,0,0,1,0,0,0,0,0,2,0,0,1,0,0,0,0,0
Guarda-Mor,0,326,0,0,0,26,11,76,27,0,0,61,0,0,4,0,0,7,3,351
Guaxupé,228,6860,0,0,0,0,288,3214,0,0,0,42,0,0,33,1,0,0,68,22
Guidoval,0,0,0,0,0,0,0,0,0,0,0,0,0,0,0,0,0,0,0,0
Guimarânia,20,2630,0,0,0,5,1,0,0,0,0,10,0,0,0,0,0,1,0,0
Guiricema,40,381,0,0,0,896,0,1896,129,675,0,552,0,0,1441,0,0,0,0,285
Gurinhatã,0,0,0,0,0,4,1,0,0,0,0,18,0,0,1,0,0,1,0,0
Heliodora,0,3790,0,0,0,0,0,0,0,0,0,0,0,0,0,0,0,0,0,0
Iapu,0,192,0,0,0,8,0,0,0,0,0,26,0,0,9,0,0,8,0,10
Ibertioga,0,0,0,0,0,1,0,0,0,0,0,1,0,0,0,0,0,0,0,0
Ibiá,725,8820,0,0,0,0,0,0,0,66,0,103,0,0,42,1,0,22,0,1246
Ibiaí,0,0,0,0,0,0,1,5,0,7,0,55,0,0,2,1,2,11,10,133
Ibiracatu,0,0,0,0,0,4,0,0,0,27,0,4,0,83,1,0,0,3,0,482
Ibiraci,1036,18050,0,0,0,184,0,0,96,7,0,0,0,0,0,0,0,0,0,1860
Ibirité,0,0,0,0,0,0,0,0,0,0,0,0,0,0,0,0,0,0,0,0
Ibitiúra de Minas,0,1910,0,0,0,93,0,0,50,484,0,4,0,0,3,0,0,0,0,1666
Ibituruna,0,761,0,0,0,0,0,0,0,0,0,6,0,0,0,0,0,0,0,0
Icaraí de Minas,0,0,0,0,0,0,0,0,0,0,0,0,0,0,0,0,0,0,0,0
Igarapé,10,13,0,0,0,0,0,0,0,0,0,32,0,0,1,0,0,0,0,0
Igaratinga,0,0,0,0,0,60,0,0,0,0,0,11,0,0,4,0,0,0,0,0
Iguatama,0,0,0,0,0,0,0,0,0,0,0,2,0,0,1,0,0,0,0,0
Ijaci,0,125,0,0,0,0,0,0,0,0,0,0,0,0,0,0,0,0,0,0
Ilicínea,0,7968,0,0,0,472,0,0,0,0,0,10,2638,0,0,0,107,0,0,0
Imbé de Minas,7,3360,0,0,0,86,0,0,37,0,0,4,0,0,0,0,0,0,0,0
Inconfidentes,0,1980,0,0,10,0,1,0,0,0,0,42,0,0,2,0,0,2,2,0
Indaiabira,0,250,0,0,0,0,0,0,0,0,0,1,0,0,1,0,0,0,0,1
Indianópolis,10,7330,0,0,0,0,1,0,0,0,0,22,0,0,11,0,0,1,1,1
Ingaí,0,934,0,0,0,5,2,2,0,0,0,4,0,0,1,0,0,1,0,6
Inhapim,63,3834,0,0,0,0,1,0,1,0,0,2,0,0,2,0,0,0,1,1
Inhaúma,0,0,0,0,0,0,0,0,0,0,0,2,0,0,8,0,0,3,0,798
Inimutaba,0,0,0,0,0,1,1,4,0,0,0,5,0,0,1,0,0,1,0,2
Ipaba,0,0,0,0,0,185,13,0,4,30,5,293,0,4,26,3,0,41,22,196
Ipanema,0,405,0,0,0,20,13,5,8,2,0,41,0,6,11,1,0,21,0,271
Ipatinga,0,3,0,0,0,0,0,0,0,0,0,21,0,0,22,0,0,0,0,17
Ipiaçu,0,0,0,0,0,4,3,9,1,1,0,33,0,2,27,0,0,12,1,14
Ipuiúna,0,0,0,0,0,0,0,0,0,0,0,0,0,0,0,0,0,0,0,0
Iraí de Minas,55,244,0,0,0,0,0,0,0,0,0,41,0,0,16,0,0,0,0,0
Itabira,0,3,0,0,0,1,1,7,0,1,0,6,0,1,0,0,0,1,0,1
Itabirinha,0,51,0,0,0,0,9,4,0,0,0,47,0,0,2,0,0,2,1,0
Itabirito,0,0,0,0,0,1,0,0,2,0,0,8,0,2,9,0,0,0,0,1
Itacambira,0,171,0,0,0,1,1,0,1,2,0,15,0,3,14,0,0,0,0,2
Itacarambi,0,0,0,0,0,0,0,0,0,0,0,0,0,0,0,0,0,0,0,0
Itaguara,0,0,0,0,0,39,4,1,12,47,0,31,0,0,3,1,0,20,0,57
Itaipé,0,421,0,0,0,6,0,0,0,0,0,10,0,0,4,0,479,0,0,0
Itajubá,0,35,0,0,0,193,0,1511,130,228,0,17,0,0,38,0,0,0,0,277
Itamarandiba,0,771,0,0,0,0,0,0,0,0,0,3,0,0,8,0,0,0,0,0
Itamarati de Minas,0,120,0,0,0,24,1,0,17,0,0,283,0,0,5,0,0,0,0,0
Itambacuri,0,84,0,0,0,0,0,0,0,0,0,1,58,0,0,0,0,0,0,0
Itambé do Mato Dentro,0,0,0,0,0,3,3,1,0,2,0,15,0,2,5,0,0,4,0,6
Itamogi,0,11360,0,0,0,2,0,0,0,0,0,1,0,0,2,0,0,0,0,15
Itamonte,0,0,8,270,0,49,5,1,42,5,26,246,0,0,73,4,0,14,15,4
Itanhandu,0,0,0,22,0,1,0,0,0,0,0,0,0,0,0,0,0,0,0,0
Itanhomi,0,270,0,0,0,2,0,0,2,0,0,47,0,0,20,0,0,0,14,0
Itaobim,0,0,0,0,0,0,0,0,0,0,0,0,0,0,0,0,0,0,0,0
Itapagipe,0,105,0,0,0,123,1,0,73,111,0,145,0,0,6,0,0,0,0,245
Itapecerica,0,530,0,0,0,0,0,0,0,0,0,239,0,0,1,0,0,0,0,0
Itapeva,0,0,0,0,1,0,0,0,0,0,0,7,0,0,1,0,0,10,0,0
Itatiaiuçu,0,0,0,0,0,4,0,0,0,0,0,25,0,0,11,0,0,0,6,708
Itaú de Minas,0,10,0,0,0,0,0,0,0,0,0,0,0,0,0,0,0,0,0,0
Itaúna,0,0,0,0,0,11,0,0,0,23,0,94,0,804,7,0,0,0,0,64
Itaverava,350,0,0,0,0,0,0,0,0,0,0,6,0,0,4,0,0,0,0,1
Itinga,0,0,0,0,0,25,39,0,7,2,0,84,0,0,32,0,0,0,3,48
Itueta,35,2077,0,0,0,1,1,0,0,1,0,42,0,0,8,0,0,0,3,0
Ituiutaba,0,2,0,0,0,9,0,0,0,0,0,0,0,0,0,0,0,0,0,0
Itumirim,0,450,0,0,0,0,0,0,0,0,0,1,0,0,0,0,0,0,0,0
Iturama,0,0,0,0,0,0,0,0,0,0,0,1,0,0,1,0,0,0,0,0
Itutinga,0,150,0,0,0,1,1,0,0,0,0,2,0,0,2,0,0,15,0,1
Jaboticatubas,36,0,0,0,0,0,0,0,0,0,0,26,0,0,19,0,0,0,0,0
Jacinto,0,0,0,0,0,1,4,0,0,1,0,171,0,0,4,0,0,1,1,1
Jacuí,225,4720,0,0,1,436,0,0,88,156,0,16,0,0,0,0,0,0,0,1662
Jacutinga,6,5362,0,0,0,18,6,2,0,4,0,33,0,3,17,0,0,0,1,11
Jaguaraçu,0,0,0,0,0,0,0,0,0,0,0,0,0,0,0,0,0,0,0,0
Jaíba,405,423,0,0,1600,0,0,0,0,0,0,8,0,0,1,0,0,0,0,5
Jampruca,0,0,0,0,0,0,0,0,0,0,0,0,0,0,1,0,0,0,0,0
Janaúba,0,0,0,0,600,2,9,6,20,0,1,126,0,0,17,2,0,10,3,3
Januária,0,0,0,0,0,4,8,2,17,7,0,61,0,3,20,0,0,12,0,23
Japaraíba,0,0,0,0,0,0,0,0,0,0,0,13,0,0,1,0,0,0,0,0
Japonvar,0,0,0,0,0,0,0,0,0,0,0,2,0,0,1,0,0,0,0,0
Jeceaba,0,2,0,0,0,3,0,3,0,0,0,3,0,1,1,0,0,1,0,4
Jenipapo de Minas,0,0,0,0,0,3,1,1,5,1,0,4,0,0,1,0,0,1,0,750
Jequeri,0,1933,0,0,0,0,0,0,0,0,0,1,0,0,0,0,0,1,0,0
Jequitaí,0,0,0,0,0,0,1,0,0,0,0,8,0,0,3,0,0,0,0,0
Jequitibá,0,0,0,0,0,0,0,0,0,0,0,222,0,0,270,0,0,0,0,0
Jequitinhonha,0,23,0,0,0,19,7,25,13,5,6,804,0,7,451,40,0,28,21,42
Jesuânia,0,2270,0,0,0,24,1,2,7,3,0,5,0,0,8,0,0,1,0,13
Joaíma,0,353,0,0,0,0,0,0,0,0,0,0,0,0,0,0,0,0,0,0
Joanésia,0,0,0,0,0,0,0,0,0,0,0,16,0,0,1,0,0,0,0,0
João Monlevade,0,0,0,0,0,6,8,15,4,9,0,26,0,3,19,0,0,24,0,14
João Pinheiro,0,1510,0,0,874,0,0,0,0,0,0,0,0,0,0,0,0,0,0,0
Joaquim Felício,0,0,0,0,0,61,0,0,21,0,0,65,0,0,3,0,0,3,0,0
Jordânia,0,0,0,0,0,0,0,0,0,0,0,0,0,0,0,0,0,0,0,0
José Gonçalves de Minas,0,54,0,0,0,478,989,0,0,380,0,12,0,0,58,0,0,4088,0,9232
José Raydan,0,39,0,0,0,232,0,102,100,85,0,131,0,0,32,0,0,256,0,5229
Josenópolis,0,0,0,0,0,2,0,0,0,0,0,6,0,0,0,0,0,0,0,0
Nova União,0,55,0,0,0,0,0,0,0,0,0,33,0,0,19,0,0,0,3,9
Juatuba,0,0,0,0,0,0,0,0,0,0,0,10,0,0,3,0,0,0,0,299
Juiz de Fora,0,9,0,0,0,0,0,0,3,0,0,19,0,0,6,0,0,10,0,0
Juramento,0,0,0,0,0,0,0,0,1,0,0,4,0,0,0,0,0,1,0,0
Juruaia,0,6760,0,0,0,0,0,0,196,0,0,0,0,0,0,0,0,0,0,0
Juvenília,0,0,0,0,0,0,1,0,0,0,0,3,0,0,1,0,0,2,0,0
Ladainha,0,279,0,0,0,9,1,1,10,0,11,135,29,5,27,1,0,41,1,35
Lagamar,0,18,0,0,0,0,0,0,0,0,0,0,0,0,0,0,0,0,0,0
Lagoa da Prata,0,0,0,0,0,0,0,1,0,2,0,7,0,0,1,0,0,3,0,6
Lagoa dos Patos,0,0,0,0,0,0,0,0,16,3,0,2,0,0,3,0,0,0,0,0
Lagoa Dourada,14,107,0,0,0,0,0,0,0,0,0,209,0,0,0,0,0,0,0,0
Lagoa Formosa,6,1360,0,0,3,1,2,6,1,0,1,52,0,3,17,1,0,7,2,0
Lagoa Grande,0,273,0,0,125,0,0,0,0,0,0,0,0,0,0,0,0,0,0,0
Lagoa Santa,0,0,0,0,40,0,0,0,0,0,0,0,0,0,0,0,0,0,0,0
Lajinha,0,9600,0,0,0,0,0,0,0,0,0,14,0,0,8,0,0,2,0,0
Lambari,0,6520,0,0,0,1,0,0,0,2,0,36,0,0,9,0,0,0,0,1
Lamim,0,36,0,0,0,0,0,0,0,0,0,0,0,0,0,0,0,0,0,0
Laranjal,0,0,0,0,0,23,0,0,94,0,0,44,0,0,7,0,0,4,0,0
Lassance,0,0,0,0,2248,0,0,0,0,0,0,2,0,0,1,0,0,0,0,0
Lavras,10,7275,0,0,6,57,8,4,19,25,0,55,295,119,21,2,0,20,1,312
Leandro Ferreira,0,0,0,0,0,0,0,0,0,0,0,0,0,0,0,0,0,0,0,0
Leme do Prado,0,0,0,0,0,5,8,7,11,11,0,51,0,9,11,0,0,32,1,154
Leopoldina,0,27,0,0,0,0,0,0,0,0,0,3,0,0,0,0,0,0,0,0
Liberdade,0,0,0,0,0,5,1,0,1,1,0,24,0,600,2,0,0,0,0,4
Lima Duarte,0,0,0,0,0,22,7,969,21,220,0,62,0,13,41,5,0,347,0,425
Limeira do Oeste,0,0,0,0,0,0,0,0,0,0,0,10,0,0,5,0,0,0,0,0
Lontra,0,0,0,0,0,1,0,1,4,0,0,21,1,0,8,0,0,0,0,16
Luisburgo,850,8874,0,0,0,37,3,0,0,0,0,12,0,0,1,0,0,0,0,3241
Luislândia,0,0,0,0,0,0,0,0,0,0,0,8,0,0,5,0,0,0,0,0
Luminárias,0,3700,0,0,0,91,14,50,8,56,0,145,0,5,41,4,0,529,5,357
Luz,0,63,0,0,0,2,4,11,4,0,0,47,0,1,26,2,0,5,3,3
Machacalis,0,0,0,0,0,0,0,0,233,0,0,0,0,0,0,0,0,0,0,0
Machado,145,27600,40,162,0,6,3,3056,30,1,111,2327,0,0,517,173,0,6,207,1
Madre de Deus de Minas,0,0,0,0,0,0,0,0,0,0,0,0,0,0,0,0,0,0,0,0
Malacacheta,0,148,0,0,0,0,0,0,0,0,0,6,0,0,0,0,0,0,0,0
Mamonas,0,0,0,0,0,151,0,0,16,15,0,0,0,0,0,0,0,123,0,440
Manga,0,0,0,0,0,0,0,0,0,0,0,0,0,0,0,0,0,0,0,0
Manhuaçu,873,26274,0,0,0,0,0,0,0,0,0,0,0,0,0,0,0,0,0,0
Manhumirim,30,9203,0,0,0,0,0,0,0,0,0,0,0,0,0,0,0,0,0,0
Mantena,0,660,0,0,0,0,0,0,0,0,0,0,0,0,0,0,0,0,0,0
Maravilhas,0,0,0,0,0,698,2,208,396,1064,0,62,0,0,10,1,0,42,0,849
Mar de Espanha,0,92,0,0,0,3,0,0,1,0,0,4,0,0,2,0,0,0,0,0
Maria da Fé,0,146,5,4,1,5,1,0,2,231,0,16,0,0,10,0,0,0,0,9
Mariana,0,50,0,0,0,0,3,0,3,2,2,21,0,0,10,0,0,0,0,30
Marilac,0,0,0,0,0,0,7,0,0,9,0,7,0,24,2,0,0,0,0,0
Mário Campos,0,0,0,0,0,0,0,0,0,0,0,0,0,0,0,0,0,0,0,0
Maripá de Minas,0,0,0,0,0,0,0,0,0,0,0,0,0,0,0,0,0,0,0,0
Marliéria,0,3,0,0,0,0,0,0,0,0,0,0,0,0,0,0,0,0,0,0
Marmelópolis,0,0,0,136,0,1,5,2,1,0,0,20,0,0,3,0,0,1,0,181
Martinho Campos,0,0,0,0,0,0,0,0,0,0,0,2,0,0,1,0,0,0,0,1
Martins Soares,0,6900,0,0,0,7,3,0,0,0,0,38,0,0,11,0,0,2,0,0
Mata Verde,0,330,0,0,0,0,0,0,0,0,0,1,0,0,1,0,0,0,0,0
Materlândia,0,1,0,0,0,36,33,5,6,9,0,55,0,6,18,1,0,42,2,82
Mateus Leme,11,29,0,0,0,0,0,0,0,0,0,1,0,0,0,0,0,0,0,0
Matias Barbosa,0,0,0,0,0,1,0,0,0,0,0,4,0,0,0,0,0,0,0,3
Matias Cardoso,1400,130,0,0,50,3,1,2,7,2,0,9,0,3,4,0,3,3,0,0
Matipó,0,4090,0,0,0,0,0,0,0,0,0,5,0,0,0,0,0,0,0,0
Mato Verde,0,0,0,0,0,0,0,0,0,0,0,3,0,0,0,0,0,0,0,0
Matozinhos,54,0,0,0,0,0,0,0,0,0,0,0,0,0,0,0,0,0,0,0
Matutina,0,280,0,0,0,2,0,0,1,0,0,14,0,0,3,0,0,0,0,0
Medeiros,0,4798,0,0,0,0,2,0,22,0,0,226,0,0,2,0,0,1,2,0
Medina,0,0,0,0,0,21,1,0,0,154,0,19,0,0,2,0,0,0,1,3
Mendes Pimentel,0,0,0,0,0,39,0,0,12,0,0,55,0,0,7,0,0,0,0,0
Mercês,0,12,0,0,0,3,3,2,0,3,0,20,0,2,0,0,0,0,2,27
Mesquita,0,0,0,0,0,4,8,6,3,0,0,26,0,0,3,0,0,12,1,7
Minas Novas,0,244,0,0,0,10,0,0,9,0,0,127,0,0,8,0,0,5,0,12304
Minduri,0,3,0,0,0,0,1,1,0,0,0,2,0,2,1,0,0,0,0,1
Mirabela,0,0,0,0,0,2,0,0,3,0,1,43,0,0,3,0,0,2,3,0
Miradouro,0,2014,0,0,2,386,43,1628,170,1322,8,562,3,20,314,6,5,134,24,405
Miraí,0,398,0,0,0,2,3,0,0,0,0,21,0,0,14,0,0,8,1,0
Miravânia,0,0,0,0,0,1,1,1,0,0,0,3,0,0,0,0,0,0,0,1
Moeda,0,4,0,0,10,1,1,0,0,0,0,26,0,0,1,0,0,1,0,0
Moema,0,0,0,0,0,0,0,0,0,0,0,0,0,0,0,0,0,0,0,0
Monjolos,0,0,0,0,0,7,0,0,0,8,0,16,0,0,19,0,799,104,0,482
Monsenhor Paulo,0,3440,0,0,0,31,0,1,62,15,0,189,0,0,116,0,0,0,0,5
Montalvânia,0,0,0,0,0,11,1,0,2,35,0,8,0,1,26,0,0,70,0,1087
Monte Alegre de Minas,50,307,0,0,0,0,0,0,0,0,0,44,0,0,19,0,0,0,1,0
Monte Azul,0,0,0,0,0,0,0,0,0,0,0,0,0,0,0,0,0,0,0,0
Monte Belo,0,9460,0,0,0,0,0,0,0,0,0,0,0,1,0,0,0,0,0,0
Monte Carmelo,3864,22430,0,0,0,0,0,0,0,0,0,0,0,0,0,0,0,0,0,0
Monte Formoso,0,20,0,0,0,0,0,0,0,0,0,0,0,0,0,0,0,0,0,0
Monte Santo de Minas,498,10690,0,0,0,0,0,0,0,0,0,0,0,0,0,0,0,0,0,0
Montes Claros,0,0,0,0,0,2,1,1,38,0,0,64,0,0,10,0,0,85,0,6
Monte Sião,0,2040,0,0,9,0,0,0,0,0,0,22,0,0,1,0,0,0,1,5
Montezuma,0,0,0,0,0,0,0,0,0,0,0,2,0,0,0,0,0,0,0,1
Morada Nova de Minas,0,0,0,0,0,1,0,0,0,0,0,10,0,0,5,0,0,0,0,0
Morro da Garça,0,0,0,0,0,0,2,0,0,0,0,8,0,0,3,1,0,0,1,0
Morro do Pilar,0,0,0,0,0,0,0,0,0,0,0,4,0,0,4,0,0,0,0,0
Munhoz,0,20,0,0,0,0,0,0,0,0,0,23,0,0,5,0,0,0,0,0
Muriaé,0,1060,0,0,0,4,1,0,0,0,0,30,0,0,2,0,0,0,0,2
Mutum,55,11250,0,0,0,0,0,0,0,0,0,24,0,0,1,0,0,1,0,0
Muzambinho,15,11000,0,0,0,0,0,0,2,0,0,3,0,0,3,0,0,1,0,0
Nacip Raydan,0,0,0,0,0,6,5,6,3,4,0,45,0,5,9,0,0,75,0,5
Nanuque,0,0,0,0,0,0,0,0,0,0,0,1,0,0,1,0,0,0,0,0
Naque,0,0,0,0,0,0,0,5,0,0,0,4,0,0,0,0,0,0,0,0
Natalândia,0,0,0,0,0,0,1,0,0,0,0,1,0,1,4,0,0,6,0,0
Natércia,0,2030,0,0,0,121,4,1,1,8,0,11,0,1,4,0,0,2,0,629
Nazareno,0,1733,0,0,0,0,0,0,0,0,0,0,0,0,0,0,0,0,0,0
Nepomuceno,500,15690,0,12,2,7,4,2,5,3,4,61,0,1,28,3,0,13,4,2905
Ninheira,0,2060,0,0,0,0,0,0,0,0,0,0,0,0,0,0,0,0,0,0
Nova Belém,5,1010,0,0,0,676,0,0,75,362,0,0,0,0,0,0,0,0,0,3556
Nova Era,0,5,0,0,0,0,0,0,0,0,0,5,0,0,0,0,0,0,0,0
Nova Lima,0,1,0,0,0,0,3,0,5,0,0,6,0,0,5,0,0,0,0,0
Nova Módica,0,0,0,0,0,12,1,2,0,5,0,86,451,0,34,1,0,251,1,103
Nova Ponte,0,274,0,0,0,9,3,0,1,0,2,98,0,0,4,1,0,24,3,110
Nova Porteirinha,0,3,0,0,1560,6,6,4,5,5,3,334,0,5,108,5,4,6,9,225
Nova Resende,2,23550,0,0,2,2,0,0,0,0,0,1,0,0,1,0,0,2,0,9
Nova Serrana,0,0,0,0,13,0,0,0,0,0,0,0,0,0,0,0,0,0,0,0
Novo Cruzeiro,0,625,0,0,0,5,8,9,1,1,0,12,0,0,4,0,0,8,0,0
Novo Oriente de Minas,0,0,0,0,0,0,0,0,0,0,0,2,0,0,0,0,0,0,0,0
Novorizonte,0,15,0,0,0,3,0,0,0,0,0,0,0,0,0,0,0,0,0,0
Olaria,0,0,0,0,0,0,1,0,0,0,0,1,0,0,0,0,0,0,0,0
Olhos-d'Água,0,0,0,0,0,0,0,0,0,0,0,0,0,0,0,0,0,0,0,0
Olímpio Noronha,0,740,0,0,0,0,0,0,0,0,0,0,0,0,0,0,0,0,0,0
Oliveira,0,8100,0,0,0,0,0,0,0,0,0,0,0,0,0,0,0,0,0,0
Oliveira Fortes,0,0,0,0,0,1,0,0,1,0,0,7,0,0,2,0,0,3,0,30
Onça de Pitangui,0,0,0,0,0,21,1,0,11,0,0,32,0,0,10,0,0,4,1,4
Oratórios,0,1,0,0,0,291,3,0,6,234,5,192,0,0,21,1,0,1,2,1480
Orizânia,0,6280,0,0,0,21,8,2,20,1,5,224,0,0,12,1,0,87,3,153
Ouro Branco,338,0,0,0,0,9,12,5,3,29,0,67,0,15,6,0,398,27,1,426
Ouro Fino,0,7523,0,0,0,151,0,0,354,83,0,104,0,0,14,1,0,1,2,19
Ouro Preto,0,16,0,0,2,6,1,0,2,4,0,18,0,0,1,0,0,40,0,12
Ouro Verde de Minas,0,74,0,0,0,96,22,0,12,237,0,51,0,0,83,0,0,26,0,13546
Padre Carvalho,0,3,0,0,0,0,0,0,0,0,0,13,0,0,1,0,0,25,0,0
Padre Paraíso,0,63,0,0,0,49,14,24,10,8,4,330,0,0,83,7,0,23,34,40
Paineiras,0,0,0,0,0,0,0,0,0,0,0,2,0,0,0,0,0,0,0,0
Pains,0,32,0,0,0,186,27,76,90,54,18,163,0,2544,39,29,0,247,35,162
Pai Pedro,0,0,0,0,0,79,0,229,141,345,32,217,0,1382,20,0,0,1441,0,3328
Paiva,0,2,0,0,0,0,0,0,0,0,0,0,0,0,0,0,0,0,0,0
Palma,0,378,0,0,0,0,1,2,2,16,0,14,0,0,14,0,0,12,0,1636
Palmópolis,0,0,0,0,0,0,0,0,0,0,0,0,0,0,0,0,0,0,0,0
Papagaios,0,0,0,0,0,0,0,0,0,0,0,8,0,0,3,0,0,0,0,0
Paracatu,0,3590,0,0,0,2,2,4,2,1,0,16,0,3,5,0,0,4,0,2
Pará de Minas,0,0,0,0,0,5,3,2,0,0,0,32,0,0,3,0,0,4,1,0
Paraguaçu,0,8580,0,0,0,0,0,0,0,0,0,2,0,0,0,0,0,0,0,0
Paraisópolis,0,147,24,0,30,6,1,2,1,0,0,5,0,0,6,0,0,1,0,30
Paraopeba,15,0,0,0,0,0,0,0,1,0,0,5,0,0,1,0,0,0,0,0
Passabém,0,0,0,0,0,0,1,0,0,0,0,2,0,0,0,0,0,2,0,0
Passa Quatro,0,0,0,18,0,167,8,928,18,42,0,13,0,0,7,0,0,123,0,480
Passa Tempo,0,120,0,0,3,0,0,0,0,0,0,8,0,0,6,0,0,0,0,0
Passa Vinte,0,0,0,0,0,0,0,0,1,0,0,2,0,0,0,0,0,0,0,0
Passos,0,4531,0,0,0,0,19,0,16,0,0,143,0,0,131,0,0,0,0,29
Patis,0,63,0,0,0,0,0,0,0,0,0,2,0,0,0,0,0,0,0,0
Patos de Minas,55,10320,0,0,6,82,3,0,0,222,0,6,0,0,2,0,0,3,0,1430
Patrocínio,80,56115,0,0,0,13,2,0,5,1,0,44,0,0,66,1,0,3,1,0
Patrocínio do Muriaé,0,0,0,0,0,0,0,0,2,0,0,155,0,0,0,0,0,4,0,0
Paula Cândido,0,1542,0,0,3,0,2,0,2,0,0,41,0,1,13,5,0,14,1,0
Paulistas,0,0,0,0,0,0,0,0,0,0,0,1,0,0,1,0,0,0,0,0
Pavão,0,0,0,0,0,0,0,0,0,0,0,1,0,0,0,0,0,0,0,0
Peçanha,0,126,0,0,0,19,0,0,14,0,0,37,0,0,3,0,0,0,0,0
Pedra Azul,0,30,0,0,0,302,67,433,98,239,39,3149,0,303,1109,64,0,2228,47,2506
Pedra Bonita,0,3820,0,0,0,0,0,0,0,0,0,6,0,0,0,0,0,0,0,0
Pedra do Anta,0,237,0,0,0,0,0,0,0,0,0,0,0,0,1,0,0,0,0,0
Pedra do Indaiá,0,0,0,0,0,0,0,0,0,0,0,0,0,87,0,0,0,0,0,0
Pedra Dourada,0,1740,0,0,0,42,0,0,0,706,0,24,0,0,0,0,0,0,0,4937
Pedralva,2,2440,0,0,0,1,1,0,0,0,0,3,0,0,0,0,0,0,0,5
Pedras de Maria da Cruz,0,0,0,0,0,0,0,0,0,0,0,0,0,0,0,0,0,0,0,90
Pedrinópolis,0,39,0,0,0,0,0,0,0,0,0,0,0,0,0,0,0,0,0,0
Pedro Leopoldo,165,0,0,0,0,1,2,3,5,1,0,11,0,1,5,0,0,3,0,7
Pedro Teixeira,0,0,0,0,0,0,0,0,0,0,0,44,0,0,17,0,0,0,0,0
Pequeri,0,0,0,0,0,23,1,2,0,0,0,219,0,0,3,1,0,0,1,474
Pequi,0,0,0,0,0,114,0,0,3,0,0,49,0,0,15,0,0,0,4,4
Perdigão,0,0,0,0,0,362,0,0,306,89,0,0,0,0,0,0,0,0,0,548
Perdizes,32,13000,0,0,0,0,0,0,2,0,0,18,0,0,2,0,0,0,0,242
Perdões,0,3735,0,0,0,30,0,0,0,55,0,12,0,0,1,0,0,0,0,710
Periquito,0,2,0,0,0,0,0,0,0,42,0,2,0,0,0,0,0,0,0,0
Pescador,0,0,0,0,0,0,3,0,4,5,0,39,448,0,2,0,0,3,0,143
Piau,0,0,0,0,0,67,33,0,56,20,13,175,0,0,43,10,0,8,20,194
Piedade de Caratinga,94,2974,0,0,0,0,0,0,1,0,0,1,0,0,0,0,0,0,0,0
Piedade de Ponte Nova,0,0,0,0,0,14,7,3,19,8,4,40,0,1,2,0,0,8,0,95
Piedade do Rio Grande,4,0,1200,480,0,40,2,1,42,23,0,51,0,0,32,7,0,3,2,11
Piedade dos Gerais,4,0,0,0,0,0,1,1,1,0,0,5,0,2,2,0,0,1,0,3
Pimenta,0,1330,0,0,0,8,5,0,0,20,0,26,0,2,7,0,0,1,1,17
Pingo-d'Água,0,0,0,0,0,1,1,0,2,1,0,31,0,0,18,1,0,3,1,12
Pintópolis,0,0,0,0,0,1,0,1,0,0,0,11,0,0,5,0,0,5,0,1
Piracema,0,8,0,0,0,374,32,1,444,3683,21,819,0,39,16,1,38111,221,3,800
Pirajuba,0,0,0,0,0,2,8,1,6,4,0,65,0,1,8,1,0,4,1,6
Piranga,0,875,0,0,0,2,0,0,1,0,0,12,0,0,11,0,0,0,0,0
Piranguçu,0,6,0,0,3,31,0,0,7,0,0,71,0,0,11,0,0,0,0,0
Piranguinho,0,550,0,0,0,2,1,0,0,0,0,53,0,0,7,0,0,1,3,0
Pirapetinga,0,150,0,0,0,0,0,0,0,0,0,0,0,0,0,0,0,0,0,0
Pirapora,0,1650,0,0,3059,0,0,0,0,0,0,0,0,0,0,0,0,0,0,0
Piraúba,0,0,0,0,0,0,0,0,0,0,0,1,0,0,1,0,0,0,0,1
Pitangui,0,0,0,0,0,0,1,1,37,0,0,22,0,0,2,0,0,40,0,75
Piumhi,0,14500,0,0,0,0,0,0,0,0,0,0,0,0,0,0,0,0,0,0
Planura,0,0,0,0,0,0,0,0,0,0,0,11,0,0,11,0,0,0,0,0
Poço Fundo,0,8517,0,0,0,0,0,0,0,0,0,0,0,0,0,0,0,0,0,0
Poços de Caldas,0,4680,0,35,0,0,0,0,0,0,0,0,0,0,0,0,0,0,0,0
Pocrane,60,1684,0,0,0,0,0,0,0,0,0,8,0,0,3,0,0,0,0,0
Pompéu,0,0,0,0,0,30,7,102,6,26,0,33,0,0,7,0,0,25,0,111
Ponte Nova,0,7,0,0,0,0,0,0,0,0,0,0,0,0,0,0,0,0,0,0
Ponto Chique,0,0,0,0,0,0,0,0,0,0,0,45,0,0,30,0,0,0,0,0
Ponto dos Volantes,0,28,0,0,0,0,1,0,3,0,0,31,0,0,16,0,0,7,0,0
Porteirinha,0,0,0,0,0,0,0,0,0,0,0,0,0,0,1,0,0,0,0,0
Porto Firme,0,600,0,0,0,122,0,0,23,181,0,0,0,0,0,0,1042,104,0,1015
Poté,0,43,0,0,0,3,0,0,5,0,0,0,0,0,0,0,0,0,0,0
Pouso Alegre,0,90,0,25,8,0,0,0,0,0,0,9,0,0,2,0,0,0,0,1
Pouso Alto,0,165,0,0,0,7,62,72,4,0,106,1183,0,0,323,102,0,3,128,0
Prados,0,2,0,5,0,0,0,0,0,0,0,0,0,0,0,0,0,0,0,0
Prata,0,3,0,0,0,0,0,0,0,0,0,10,0,0,3,0,0,0,1,0
Pratápolis,0,390,0,100,0,0,0,0,0,0,0,7,0,0,1,0,0,0,0,0
Pratinha,963,3275,0,0,0,0,0,0,0,0,0,2,0,0,0,0,0,0,0,0
Presidente Bernardes,0,144,0,0,0,0,0,0,0,0,0,0,0,0,0,0,0,0,0,0
Presidente Juscelino,100,0,0,0,0,1,1,1,1,0,0,6,0,0,9,0,0,2,0,7
Presidente Kubitschek,0,32,0,0,0,157,0,0,636,227,0,11,0,20,0,0,0,11,0,140
Presidente Olegário,900,7286,0,0,0,0,0,0,0,0,0,22,0,0,12,0,0,0,0,0
Alto Jequitibá,0,7400,0,0,0,0,3547,0,2,0,0,0,0,0,0,0,0,0,0,1142
Prudente de Morais,0,0,0,0,0,11,9,19,4,117,0,30,0,20,9,0,0,4,1,1057
Quartel Geral,0,552,0,0,0,0,4,1,1,0,0,10,0,0,5,0,0,5,0,3
Queluzito,0,0,0,0,0,0,3,0,1,0,0,13,0,0,2,0,0,1,0,0
Raposos,0,4,0,0,0,1,0,4,1,0,0,4,0,0,1,0,0,0,0,0
Raul Soares,14,3624,0,0,0,0,0,0,0,0,0,0,0,0,0,0,0,0,0,1
Recreio,0,2,0,0,0,0,0,0,0,0,0,0,0,0,0,0,0,0,0,0
Reduto,0,4590,0,0,0,14,0,0,135,100,0,1,0,0,0,0,0,0,0,44
Resende Costa,0,0,0,0,0,0,0,0,0,0,0,0,0,0,0,0,0,0,0,0
Resplendor,72,673,0,0,0,0,0,0,0,0,0,4,0,0,1,0,0,0,0,0
Ressaquinha,12,0,5,96,0,3,2,0,0,0,0,4,0,0,2,0,0,0,0,270
Riachinho,0,0,0,0,0,0,0,0,0,0,0,1,0,0,1,0,0,0,0,0
Riacho dos Machados,0,0,0,0,0,8,7,10,9,16,3,47,0,0,52,3,0,15,10,110
Ribeirão das Neves,0,0,0,0,0,1,1,19,3,1,0,12,0,1,5,0,0,1,0,116
Ribeirão Vermelho,0,116,0,0,0,11,0,0,21,0,0,2,0,0,1,0,0,0,0,3367
Rio Acima,0,0,0,0,0,4,12,0,0,826,0,32,0,11,27,1,0,4,1,979
Rio Casca,0,5,0,0,0,0,0,0,0,0,0,0,0,0,0,0,0,0,0,0
Rio Doce,0,0,0,0,0,1,2,1,0,0,0,26,0,0,7,1,0,3,1,5
Rio do Prado,0,0,0,0,0,110,3,3298,27,125,0,2,0,0,2,0,0,192,0,1124
Rio Espera,0,3,0,0,0,0,0,0,0,0,0,0,0,0,0,0,0,0,0,0
Rio Manso,0,0,0,0,0,6,1,0,2,99,0,1,0,0,2,0,10,0,0,31
Rio Novo,0,0,0,0,0,1,1,1,0,0,0,1,0,0,1,0,0,0,0,0
Rio Paranaíba,10080,16320,0,0,0,0,0,0,0,0,0,1,0,0,1,0,0,0,0,0
Rio Pardo de Minas,0,1220,0,0,0,0,0,0,0,0,0,0,0,0,1,0,0,0,0,0
Rio Piracicaba,0,0,0,0,0,1,0,0,1,0,0,3,0,0,0,0,0,0,0,6
Rio Pomba,0,0,0,0,0,0,0,24,0,0,0,0,0,0,0,0,0,0,0,0
Rio Preto,0,0,0,0,0,0,0,0,0,0,0,15,0,0,0,0,0,1,0,0
Rio Vermelho,0,9,0,0,0,0,0,0,0,0,0,3,0,0,3,0,0,0,0,0
Ritápolis,0,372,0,0,0,0,0,0,0,0,0,2,0,0,3,0,0,0,0,0
Rochedo de Minas,0,0,0,0,0,0,0,1,0,0,0,3,0,0,2,0,0,0,0,1
Rodeiro,0,0,0,0,0,0,0,0,0,0,0,3,0,0,0,0,0,0,0,0
Romaria,0,8790,0,0,0,8,3,2,3,1,0,28,0,0,9,0,0,4,0,4
Rosário da Limeira,0,730,0,0,3,3,0,0,1,0,0,1509,0,0,0,0,0,4,0,0
Rubelita,0,0,0,0,0,5,0,0,6,0,0,1,0,1,0,0,0,0,0,0
Rubim,0,13,0,0,0,353,0,0,150,23,0,6,0,0,3,0,0,0,0,439
Sabará,0,7,0,0,0,0,0,0,0,0,0,0,0,0,0,0,0,0,0,0
Sabinópolis,0,5,0,0,0,1,0,0,0,0,0,0,0,0,0,0,0,0,0,0
Sacramento,4950,2586,0,0,0,0,0,0,0,0,0,6,0,0,2,0,0,0,0,0
Salinas,0,7,0,0,6,0,0,0,0,0,0,22,0,0,1,0,0,0,0,0
Salto da Divisa,0,0,0,0,0,0,1,0,0,0,0,3,0,0,1,0,0,1,0,0
Santa Bárbara,0,14,0,0,0,4424,0,147,0,0,0,7,1910,0,0,0,0,0,0,0
Santa Bárbara do Leste,690,3100,0,0,0,9,0,1,8,0,0,3,0,1,7,0,0,1,0,0
Santa Bárbara do Monte Verde,0,2,0,0,3,18,0,0,5,19,0,16,0,0,10,0,0,0,0,132
Santa Bárbara do Tugúrio,0,10,0,0,0,0,0,0,0,0,0,0,0,0,0,0,0,0,0,0
Santa Cruz de Salinas,0,2,0,0,0,0,0,0,0,0,0,0,0,0,0,0,0,0,0,0
Santa Cruz do Escalvado,0,0,0,0,0,0,0,1,0,0,0,26,0,0,3,0,53,0,4,0
Santa Efigênia de Minas,0,2,0,0,0,0,0,0,0,0,0,0,0,0,0,0,0,0,0,0
Santa Fé de Minas,0,0,0,0,0,1,0,0,6,0,0,81,0,0,13,0,0,0,1,0
Santa Helena de Minas,0,0,0,0,0,0,0,0,0,0,0,4,0,0,1,0,0,0,0,0
Santa Juliana,0,0,0,0,0,0,0,0,125,0,0,0,0,0,0,0,0,0,0,76
Santa Luzia,0,0,0,0,0,4,0,0,16,0,0,3,0,0,1,0,0,0,0,0
Santa Margarida,36,11760,0,0,0,0,0,0,0,0,0,0,0,0,0,0,0,0,0,0
Santa Maria de Itabira,0,0,0,0,0,1,1,3,1,1,0,6,0,1,2,0,0,0,0,1
Santa Maria do Salto,0,15,0,0,0,3,4,0,3,0,0,84,0,0,57,0,0,4,0,45
Santa Maria do Suaçuí,0,29,0,0,0,1,14,6,3,23,0,25,0,9,6,0,0,6,0,59
Santana da Vargem,0,6610,0,0,0,0,0,0,0,0,0,0,0,0,0,0,0,0,0,0
Santana de Cataguases,0,0,0,0,0,0,0,0,4,0,0,74,0,0,22,1,8,6,0,0
Santana de Pirapama,120,0,0,0,0,0,0,0,0,0,0,9,0,0,0,0,0,22,0,0
Santana do Deserto,0,0,0,0,0,0,0,0,0,0,0,0,0,0,0,0,0,0,0,0
Santana do Garambéu,0,5,0,0,0,0,0,0,0,0,0,47,0,0,1,0,0,0,0,52
Santana do Jacaré,0,576,0,0,0,0,2,5,6,40,15,153,0,0,44,1,0,52,2,80
Santana do Manhuaçu,0,9030,0,0,0,0,0,0,0,0,0,0,0,0,0,0,0,0,0,0
Santana do Paraíso,0,6,0,0,0,7,6,0,0,0,0,11,0,0,5,0,0,0,4,0
Santana do Riacho,0,0,0,0,0,0,0,0,0,0,0,0,0,0,0,0,0,0,0,0
Santana dos Montes,0,0,0,0,12,0,12,0,11,0,0,15,0,0,8,0,0,0,0,0
Santa Rita de Caldas,0,240,0,268,15,0,1,0,2,19,0,12,0,0,3,0,0,0,0,752
Santa Rita de Jacutinga,0,0,0,0,0,0,0,0,0,0,0,0,0,0,0,0,0,0,0,0
Santa Rita de Minas,54,1990,0,0,0,0,0,0,0,0,0,0,0,0,0,0,0,0,0,0
Santa Rita de Ibitipoca,0,0,0,0,0,1,0,0,2,0,0,3,0,0,5,0,0,0,0,0
Santa Rita do Itueto,0,9288,0,0,0,2,18,2,5,2,8,98,0,3,15,5,0,17,4,1
Santa Rita do Sapucaí,0,6000,0,0,0,2,3,0,4,0,3,97,0,0,17,1,0,3,2,0
Santa Rosa da Serra,0,4340,0,0,5,296,0,0,31,47,1,30,0,0,6,1,346,30,1,3093
Santa Vitória,0,0,0,0,0,5,1272,15,13,2,124,34,0,0,3,0,0,3630,1,245
Santo Antônio do Amparo,0,8917,0,0,0,1,0,0,1,0,0,76,0,0,5,1,0,2,2,0
Santo Antônio do Aventureiro,0,5,0,0,0,0,0,0,0,4,0,2,0,0,0,0,0,0,0,46
Santo Antônio do Grama,0,150,0,0,0,1,0,0,9,0,0,0,0,0,0,0,0,0,0,0
Santo Antônio do Itambé,0,0,0,0,0,2,1,0,0,1,0,4,0,0,3,0,0,1,0,3
Santo Antônio do Jacinto,0,0,0,0,0,0,2,0,0,2,0,2,0,0,0,0,0,0,0,3
Santo Antônio do Monte,0,13,0,0,0,0,65,0,10,66,0,129,0,0,31,0,0,22,0,94
Santo Antônio do Retiro,0,28,0,0,0,0,0,0,1,9,0,5,0,0,2,0,0,0,0,394
Santo Antônio do Rio Abaixo,0,0,0,0,0,0,0,0,0,0,0,3,0,0,1,0,0,0,0,0
Santo Hipólito,0,0,0,0,0,40,0,0,1930,0,0,0,0,0,0,0,0,0,0,0
Santos Dumont,0,0,0,21,0,0,0,0,0,0,0,0,0,0,0,0,0,0,0,0
São Bento Abade,0,1520,0,0,0,2,6,2,0,0,0,22,0,0,6,0,0,4,0,4
São Brás do Suaçuí,0,0,0,0,0,1,7,2,6,0,0,14,0,0,11,1,0,68,0,4
São Domingos das Dores,0,3150,0,0,0,0,0,0,0,0,0,7,0,0,2,0,0,0,0,0
São Domingos do Prata,0,72,0,0,0,592,0,1291,0,84,47,1240,0,0,2702,27,0,0,22,357
São Félix de Minas,0,17,0,0,0,1,12,1,2,0,0,10,0,0,6,0,0,2,0,0
São Francisco,0,0,0,0,0,0,0,0,0,0,0,7,0,0,17,0,0,0,6,0
São Francisco de Paula,0,4992,0,0,12,0,0,0,0,0,0,0,0,0,0,0,0,0,0,7
São Francisco de Sales,40,0,0,0,0,0,0,0,0,155,0,0,0,0,0,0,0,0,0,5496
São Francisco do Glória,0,1000,0,0,0,0,0,0,0,0,0,0,0,0,0,0,0,0,0,0
São Geraldo,0,340,0,0,0,0,0,0,0,0,0,1,0,0,0,0,0,0,0,2
São Geraldo da Piedade,0,0,0,0,0,0,0,0,0,0,0,4,0,0,1,0,0,0,0,0
São Geraldo do Baixio,0,0,0,0,0,8,2,13,2,0,0,14,0,0,14,1,0,1,1,295
São Gonçalo do Abaeté,0,60,0,0,0,0,0,0,1,0,0,4,0,0,0,0,0,0,0,0
São Gonçalo do Pará,0,0,0,0,0,0,0,0,0,0,0,0,0,0,0,0,0,0,0,0
São Gonçalo do Rio Abaixo,0,4,0,0,0,16,0,0,13,41,0,13,0,0,10,0,0,9,0,424
São Gonçalo do Sapucaí,5,6900,0,0,1182,2,1,0,2,0,0,10,0,0,1,0,0,0,0,0
São Gotardo,867,2300,0,0,0,1,2,0,1,0,0,15,0,0,6,0,0,0,0,0
São João Batista do Glória,0,490,0,0,6,1,0,1,0,0,0,1,0,0,0,0,0,1,0,0
São João da Lagoa,0,0,0,0,0,0,0,0,0,0,0,6,0,0,4,0,0,0,0,3
São João da Mata,0,1253,0,0,0,0,0,0,0,0,0,0,0,0,0,0,0,0,0,0
São João da Ponte,0,0,0,0,0,0,0,0,0,0,0,0,0,0,0,0,0,0,0,0
São João das Missões,0,0,0,0,0,0,0,0,2,9,0,0,0,0,0,0,0,8,0,79
São João del Rei,40,348,0,0,0,3,5,1,1,0,0,13,0,0,12,0,0,0,0,0
São João do Manhuaçu,0,7730,0,0,0,0,0,0,2,0,0,2,0,0,0,0,0,1,0,2
São João do Manteninha,0,54,0,0,0,1,0,0,4,3,6,72,0,0,27,2,0,6,8,0
São João do Oriente,0,0,0,0,0,23,9,37,37,13,14,249,0,12,68,1,0,231,13,10351
São João do Pacuí,0,0,0,0,0,0,0,0,0,0,0,0,0,0,0,0,0,0,0,0
São João do Paraíso,0,133,0,0,0,0,0,0,0,0,0,0,0,0,0,0,0,0,0,0
São João Evangelista,0,0,0,0,0,1,1,2,1,0,0,16,0,1,6,0,0,1,0,2
São João Nepomuceno,0,0,0,0,0,0,0,0,23,0,0,4,0,0,0,0,0,0,0,0
São Joaquim de Bicas,8,0,0,0,0,0,0,0,0,0,0,14,0,0,6,0,0,1,0,0
São José da Barra,0,4590,0,0,0,0,0,0,0,0,0,8,0,0,0,0,0,0,0,108
São José da Lapa,0,0,0,0,0,47,5,11,6,11,0,5,0,2,2,0,0,18,1,180
São José da Safira,0,0,0,0,0,0,0,0,0,0,0,2,0,0,1,0,0,0,0,0
São José da Varginha,0,0,0,0,0,215,3,5678,0,44,192,3244,0,0,462,383,0,0,301,0
São José do Alegre,0,220,0,0,0,1,2,5,1,0,0,5,0,0,2,0,0,4,0,22
São José do Divino,0,0,0,0,0,1,0,0,0,0,0,2,0,0,0,0,0,0,0,1
São José do Goiabal,0,2,0,0,0,54,0,0,0,0,0,0,0,0,0,0,5642,0,0,0
São José do Jacuri,0,2,0,0,0,0,0,0,0,0,0,0,0,0,0,0,0,0,0,0
São José do Mantimento,0,834,0,0,0,0,0,0,0,0,0,0,0,0,0,0,0,0,0,0
São Lourenço,0,55,0,0,0,0,2,0,2,0,0,2,0,0,1,0,0,3,0,1
São Miguel do Anta,0,1561,0,0,0,1,0,0,0,0,0,1,0,0,1,0,0,1,0,0
São Pedro da União,1770,6780,0,0,0,0,0,0,0,0,0,0,0,0,0,0,0,0,0,0
São Pedro dos Ferros,0,0,0,0,0,2,0,0,3,4,0,2,0,0,3,0,0,0,0,104
São Pedro do Suaçuí,0,2,0,0,0,0,0,0,0,0,0,0,0,0,0,0,0,0,0,0
São Romão,0,0,0,0,0,0,0,0,0,0,0,0,0,0,0,0,0,0,0,0
São Roque de Minas,300,8249,0,0,0,0,0,0,0,0,0,0,0,0,0,0,0,0,0,0
São Sebastião da Bela Vista,0,1353,0,0,0,0,0,0,0,0,0,42,0,0,4,1,0,0,1,0
São Sebastião da Vargem Alegre,0,1133,0,0,2,0,0,0,0,0,0,0,0,0,0,0,0,0,0,1933
São Sebastião do Anta,0,5050,0,0,0,0,0,0,0,0,0,15,0,0,8,0,0,0,0,0
São Sebastião do Maranhão,0,59,0,0,0,1,0,0,0,1,0,1,0,0,0,0,0,0,0,0
São Sebastião do Oeste,0,0,0,0,0,0,0,0,0,0,0,0,0,0,0,0,0,0,0,0
São Sebastião do Paraíso,705,20320,0,140,0,1,2,1,1,1,0,5,0,0,5,0,0,1,0,1
São Sebastião do Rio Preto,0,0,0,0,0,9,38,6,3,6,8,683,0,0,78,4,0,25,12,13
São Sebastião do Rio Verde,0,0,0,0,0,0,0,0,0,0,0,2,0,0,4,0,0,0,0,0
São Tiago,0,520,572,10,0,0,0,0,0,0,0,1,1052,0,0,0,0,0,0,538
São Tomás de Aquino,1000,10400,0,0,0,0,0,0,0,0,0,0,0,0,0,0,0,0,0,0
São Tomé das Letras,0,1030,0,0,0,0,0,152,0,74,0,11,14,0,6,0,0,103,0,432
São Vicente de Minas,0,0,85,0,0,64,0,0,608,21,0,2,0,0,1,0,0,0,0,0
Sapucaí-Mirim,0,0,5,0,0,4,4,1,1,1,0,18,0,5,5,0,0,3,1,0
Sardoá,0,16,0,0,0,0,0,0,0,0,0,0,0,0,0,0,0,0,0,0
Sarzedo,0,0,0,0,0,11,1,0,0,63,0,23,0,4,6,0,0,17,0,1642
Setubinha,0,550,0,0,0,0,0,0,0,0,0,0,0,0,0,0,0,0,0,0
Sem-Peixe,0,0,0,0,0,0,0,0,0,0,0,0,0,0,0,0,0,0,0,0
Senador Amaral,0,0,0,0,4,0,0,0,0,0,0,0,0,0,0,0,0,0,0,0
Senador Cortes,0,0,0,0,0,0,0,0,0,0,0,0,0,0,13,0,0,0,0,0
Senador Firmino,0,76,0,0,0,43,0,0,39,0,0,7,0,0,3,0,0,0,0,5
Senador José Bento,0,663,0,0,0,0,0,3,9,42,0,39,0,0,15,0,0,74,5,220
Senador Modestino Gonçalves,0,48,0,0,0,41,9,75,84,148,0,360,0,1,105,3,0,132,10,157
Senhora de Oliveira,0,220,0,0,0,0,0,0,0,0,0,0,0,0,0,0,0,0,0,0
Senhora do Porto,0,0,0,0,0,0,0,0,0,0,0,0,0,0,0,0,0,0,0,0
Senhora dos Remédios,0,48,0,0,0,0,0,0,0,0,0,31,0,0,0,0,0,0,0,0
Sericita,0,3300,0,0,0,345,0,0,470,387,0,6,0,0,4,0,0,0,0,940
Seritinga,0,0,0,0,0,0,0,0,0,0,0,15,0,0,2,0,2668,0,0,169
Serra Azul de Minas,0,4,0,0,0,180,0,0,0,51,0,181,2959,0,0,0,0,0,0,131
Serra da Saudade,0,0,0,0,0,0,0,0,13,0,0,0,0,0,0,0,0,0,0,0
Serra dos Aimorés,0,0,0,0,0,25,20,25,18,13,7,184,0,0,19,5,0,18,7,294
Serra do Salitre,0,15040,0,0,0,0,0,0,0,0,0,51,0,0,43,0,0,0,0,0
Serrania,0,5400,0,0,5,7,10,7,14,7,0,317,0,6,16,5,0,22,5,36
Serranópolis de Minas,0,7,0,0,0,1,0,0,0,0,0,3,0,0,2,0,0,0,0,0
Serranos,0,0,0,0,0,6,0,0,0,0,0,57,0,0,1,0,0,0,0,0
Serro,0,6,0,0,0,29,8,13,6,14,0,31,0,4,14,0,0,43,1,756
Sete Lagoas,120,0,0,0,0,1,0,0,101,80,0,1,407,0,0,0,0,0,0,2133
Silveirânia,0,0,0,0,0,46,0,0,117,50,0,55,0,0,42,0,0,0,0,240
Silvianópolis,6,1600,0,200,0,0,0,0,0,0,0,0,0,0,0,0,0,0,0,0
Simão Pereira,0,0,0,0,0,335,0,47,206,218,0,286,0,27,258,4,0,0,14,1468
Simonésia,950,12720,0,0,0,483,801,104,311,6,1642,2558,0,12,472,10,0,727,138,328
Sobrália,0,0,0,0,0,338,12,3103,309,42,26,2008,0,8,354,6,0,68,43,922
Soledade de Minas,0,576,0,0,0,0,0,0,0,0,0,0,0,0,0,0,0,0,0,0
Tabuleiro,0,0,0,0,0,100,7,0,69,9,0,117,0,3,24,0,0,11,5,95
Taiobeiras,0,920,0,0,0,0,0,0,0,0,0,0,0,0,0,0,0,0,0,0
Taparuba,0,151,0,0,0,0,0,0,0,0,0,14,0,0,0,0,0,0,0,0
Tapira,0,903,0,0,0,0,0,1,7,0,0,178,0,0,52,5,0,0,3,0
Tapiraí,0,1480,0,0,0,0,0,0,0,0,0,18,0,0,2,0,0,0,0,0
Taquaraçu de Minas,0,0,0,0,0,0,0,0,244,0,0,0,0,0,0,0,0,0,0,0
Tarumirim,0,16,0,0,0,0,0,0,0,0,0,0,0,0,0,0,0,0,0,0
Teixeiras,0,842,0,0,0,2,4,65,0,0,0,1,0,1,0,0,0,1,0,3
Teófilo Otoni,5,18,0,0,0,10,5,4,2,1,23,242,0,2,86,17,0,22,24,0
Timóteo,0,0,0,0,0,8,0,0,0,0,0,4,0,0,1,0,0,0,0,0
Tiradentes,0,0,0,0,0,2,2,0,8,5,0,93,0,0,12,0,0,0,0,45
Tiros,14,4068,0,0,0,6,3,1,0,0,0,7,0,2,2,0,0,2,0,5
Tocantins,38,0,0,0,0,0,0,0,0,0,0,2,0,0,2,0,0,0,0,0
Tocos do Moji,0,587,0,0,0,2,1,0,0,1,0,17,0,0,2,0,0,0,0,1
Toledo,0,0,0,0,0,5,3,4,4,1,0,23,0,1,8,0,0,8,1,22
Tombos,0,1153,0,0,0,24,0,16,47,0,0,2,0,0,0,0,0,0,0,0
Três Corações,960,14700,0,0,93,0,0,0,0,0,0,0,0,0,0,0,0,0,0,0
Três Marias,0,0,0,0,0,0,0,0,0,0,0,65,0,0,39,0,0,0,31,0
Três Pontas,0,26950,0,0,0,14,11,4,14,35,0,170,0,2,116,2,0,146,7,279
Tumiritinga,0,0,0,0,0,0,0,0,0,0,0,50,0,0,3,0,0,0,0,0
Tupaciguara,0,487,0,0,0,0,0,0,0,0,0,0,0,0,0,0,0,0,0,0
Turmalina,0,347,0,0,19,0,3,0,0,0,0,8,0,2,3,0,0,1,1,3
Turvolândia,250,4320,146,180,0,25,1,0,19,1,0,6,0,2,2,0,0,103,0,431
Ubá,0,18,0,0,0,1,3,2,1,8,0,16,0,0,3,0,0,2,0,487
Ubaí,0,0,0,0,0,1,1,1,2,0,0,6,0,2,3,0,0,3,0,2
Ubaporanga,60,4048,0,0,0,1,9,0,17,8,0,19,0,0,9,0,0,2,0,0
Uberaba,1300,855,0,0,0,0,0,0,0,0,0,0,0,0,0,0,0,0,0,0
Uberlândia,300,410,0,0,0,3,0,0,0,0,0,12,0,0,1,0,0,0,0,0
Umburatiba,0,0,0,0,0,0,0,0,0,0,0,0,0,0,0,0,0,0,0,0
Unaí,0,11232,0,0,0,0,0,0,0,0,0,0,0,0,0,0,0,0,0,0
União de Minas,0,0,0,0,0,0,0,0,0,0,0,0,0,0,0,0,0,0,0,0
Uruana de Minas,0,0,0,0,0,0,0,0,0,0,0,0,0,0,0,0,0,0,0,0
Urucânia,0,0,0,0,0,0,0,0,0,0,0,0,0,0,0,0,0,0,0,0
Urucuia,0,2023,0,0,0,0,0,0,0,0,0,0,0,0,0,0,0,0,0,0
Vargem Alegre,0,20,0,0,0,0,0,0,0,0,0,0,0,0,0,0,0,0,0,0
Vargem Bonita,0,1210,0,0,0,0,0,0,0,0,0,0,0,0,0,0,0,0,0,0
Vargem Grande do Rio Pardo,0,47,0,0,0,0,0,0,0,0,0,0,0,0,0,0,0,0,0,0
Varginha,60,15740,0,0,5,0,0,0,0,0,0,0,0,0,0,0,0,0,0,0
Varjão de Minas,0,3922,0,0,0,0,0,0,0,0,0,0,0,0,0,0,0,0,0,0
Várzea da Palma,0,2178,0,0,323,0,0,0,0,0,0,0,0,0,0,0,0,0,0,0
Varzelândia,0,0,0,0,0,0,0,0,0,0,0,0,0,0,0,0,0,0,0,0
Vazante,0,0,0,0,0,0,0,0,0,0,0,0,0,0,0,0,0,0,0,0
Verdelândia,0,0,0,0,0,0,0,0,0,0,0,0,0,0,0,0,0,0,0,0
Veredinha,0,19,0,0,0,0,0,0,0,0,0,0,0,0,0,0,0,0,0,0
Veríssimo,0,0,0,0,0,0,0,0,0,0,0,0,0,0,0,0,0,0,0,0
Vermelho Novo,0,2150,0,0,0,0,0,0,0,0,0,0,0,0,0,0,0,0,0,0
Vespasiano,0,0,0,0,0,0,0,0,0,0,0,0,0,0,0,0,0,0,0,0
Viçosa,0,1280,0,0,0,0,0,0,0,0,0,0,0,0,0,0,0,0,0,0
Vieiras,0,870,0,0,0,0,0,0,0,0,0,0,0,0,0,0,0,0,0,0
Mathias Lobato,0,0,0,0,0,0,0,0,0,0,0,0,0,0,0,0,0,0,0,0
Virgem da Lapa,0,0,0,0,0,0,0,0,0,0,0,0,0,0,0,0,0,0,0,0
Virgínia,0,91,0,2880,0,0,0,0,0,0,0,0,0,0,0,0,0,0,0,0
Virginópolis,0,107,0,0,0,0,0,0,0,0,0,0,0,0,0,0,0,0,0,0
Virgolândia,0,109,0,0,0,0,0,0,0,0,0,0,0,0,0,0,0,0,0,0
Visconde do Rio Branco,0,7,0,0,0,0,0,0,0,0,0,0,0,0,0,0,0,0,0,0
Volta Grande,0,0,0,0,0,0,0,0,0,0,0,0,0,0,0,0,0,0,0,0
Wenceslau Braz,0,0,0,0,0,0,0,0,0,0,0,0,0,0,0,0,0,0,0,0
