municipios,Acelga (Toneladas),Alface (Toneladas),Batata-baroa (mandioquinha) (Toneladas),Batata-doce (Toneladas),Couve (Toneladas),Espinafre (Toneladas),Morango (Toneladas),Repolho (Toneladas),Rúcula (Toneladas),Tomate (estaqueado) (Toneladas)
Abadia dos Dourados,0,0,0,0,0,0,0,0,0,0
Abaeté,0,0,0,0,0,0,0,0,0,0
Abre Campo,0,22,0,0,7,0,0,1,0,1
Acaiaca,0,3,0,0,3,0,0,1,0,0
Açucena,0,3,0,0,1,0,0,1,0,0
Água Boa,0,19,1,3,7,0,0,11,1,1324
Água Comprida,0,15,0,0,0,0,0,0,2,0
Aguanil,0,8,0,0,1,0,0,3,0,0
Águas Formosas,0,1,0,0,1,0,0,0,0,0
Águas Vermelhas,0,15,0,1,3,0,0,0,0,0
Aimorés,0,6,0,0,4,0,0,0,0,839
Aiuruoca,0,1,0,0,0,0,0,0,0,0
Alagoa,0,1,0,0,0,0,0,0,0,0
Albertina,0,11,0,0,0,0,0,0,0,0
Além Paraíba,0,0,0,0,0,0,0,0,0,0
Alfenas,35,316,0,4,73,4,0,44,19,148
Alfredo Vasconcelos,0,30,0,0,0,0,1780,700,0,1490
Almenara,0,27,0,1,6,0,0,0,0,0
Alpercata,0,0,0,5,3,0,0,0,0,10
Alpinópolis,0,60,0,0,5,0,0,11,5,0
Alterosa,0,10,0,0,3,0,0,0,0,0
Alto Caparaó,0,12,0,0,4,0,0,0,0,0
Alto Rio Doce,0,0,0,0,0,0,0,0,0,0
Alvarenga,0,9,0,0,3,0,0,0,0,0
Alvinópolis,0,28,0,0,6,2,0,3,1,0
Alvorada de Minas,0,0,0,0,0,0,0,0,0,0
Amparo do Serra,0,10,0,0,6,0,0,1,0,268
Andradas,0,645,176,470,126,2,0,22,7,3130
Cachoeira de Pajeú,0,21,0,4,8,0,0,8,3,5
Andrelândia,0,0,0,0,0,0,0,0,0,0
Angelândia,0,4,0,4,1,0,0,21,0,48
Antônio Carlos,0,3,0,6,1,0,527,1528,0,994
Antônio Dias,0,17,0,0,5,0,0,4,0,36
Araçaí,0,0,0,0,1,0,0,0,0,0
Aracitaba,0,0,0,0,0,0,0,0,0,0
Araçuaí,0,16,0,5,6,0,0,3,0,79
Araguari,24,697,0,0,141,4,0,26,19,32456
Arantina,0,0,0,0,0,0,0,0,0,0
Araponga,0,2,0,0,4,0,0,0,0,0
Araporã,0,0,0,0,0,0,0,0,0,0
Arapuá,0,0,0,0,0,0,0,0,0,295
Araújos,0,72,0,0,1,0,0,0,0,0
Araxá,7,326,0,0,42,6,0,25,18,18
Arceburgo,0,34,0,0,5,0,0,23,0,0
Arcos,0,22,0,0,7,0,0,0,0,630
Areado,0,17,0,0,1,0,0,1,0,0
Argirita,0,1,0,0,1,0,0,0,0,0
Aricanduva,0,9,0,3,3,0,0,17,0,0
Arinos,0,41,0,0,2,0,0,0,0,5
Astolfo Dutra,0,8,0,0,0,0,0,0,0,0
Ataléia,0,9,0,1,24,0,0,1,0,15
Augusto de Lima,0,1,0,0,0,0,0,0,0,0
Baependi,0,23,0,0,2,0,0,2,0,0
Baldim,0,30,0,0,2,0,0,0,0,1342
Bambuí,0,47,0,0,7,0,0,38,2,11
Bandeira,0,4,0,0,2,0,0,1,0,0
Bandeira do Sul,0,12,0,0,0,0,0,0,0,0
Barão de Cocais,0,8,0,0,4,0,0,0,0,0
Barão do Monte Alto,0,1,0,0,1,0,0,0,0,0
Barbacena,0,546,42,35,222,11,607,5199,2,9042
Barra Longa,0,12,0,1,7,0,0,1,0,1
Barroso,0,0,0,0,0,0,0,0,0,0
Bela Vista de Minas,0,6,0,0,2,0,0,0,0,0
Belmiro Braga,0,2,0,0,1,0,0,1,0,0
Belo Horizonte,0,127,0,0,11,1,0,0,5,0
Belo Oriente,0,2,0,0,1,0,0,0,0,0
Belo Vale,0,10,0,0,5,0,0,0,0,5
Berilo,0,11,0,5,8,0,0,3,0,1
Bertópolis,0,0,0,0,0,0,0,0,0,0
Berizal,0,1,0,0,1,0,0,0,0,0
Betim,73,763,0,11,189,40,0,137,198,150
Bias Fortes,0,0,0,0,0,0,0,0,0,0
Bicas,0,0,0,0,0,0,0,0,0,0
Biquinhas,0,2,0,0,1,0,0,1,0,0
Boa Esperança,1,1295,0,3,18,1,0,24,3,1
Bocaina de Minas,0,1,0,0,0,0,0,0,0,0
Bocaiúva,0,95,0,5,45,2,0,16,5,161
Bom Despacho,0,22,0,0,5,0,0,10,0,0
Bom Jardim de Minas,0,0,0,0,0,0,0,0,0,0
Bom Jesus da Penha,0,2,0,0,0,0,0,0,0,40
Bom Jesus do Amparo,0,268,0,0,4,0,0,3,0,0
Bom Jesus do Galho,0,4,0,0,1,0,0,0,0,0
Bom Repouso,0,0,0,0,0,0,15444,0,0,57
Bom Sucesso,0,2,0,0,0,0,0,0,0,0
Bonfim,0,0,0,21,0,0,0,0,0,0
Bonfinópolis de Minas,0,9,0,0,0,0,0,0,0,0
Bonito de Minas,0,10,0,0,2,0,0,0,0,1
Borda da Mata,0,123,0,0,14,0,328,15,12,75
Botelhos,0,1,0,0,0,0,0,0,0,28
Botumirim,0,6,0,1,1,0,0,1,0,18
Brasilândia de Minas,0,7,0,0,1,0,0,0,0,0
Brasília de Minas,0,4,0,0,2,0,0,0,0,2
Brás Pires,0,4,0,0,0,0,0,0,0,0
Braúnas,0,0,0,0,0,0,0,0,0,0
Brazópolis,0,6,0,2,16,1,15,2,0,28
Brumadinho,154,985,0,1,336,418,0,14,108,241
Bueno Brandão,0,16,219,0,1,0,1887,0,0,6
Buenópolis,0,1,0,0,1,0,0,0,0,0
Bugre,0,0,0,0,0,0,0,0,0,1310
Buritis,0,40,0,0,12,0,0,0,1,26
Buritizeiro,0,20,0,0,6,0,0,0,0,3
Cabeceira Grande,0,0,0,0,0,0,0,0,0,0
Cabo Verde,0,9,0,0,2,0,0,1,0,0
Cachoeira da Prata,0,3,0,0,0,0,0,0,0,0
Cachoeira de Minas,0,31,0,0,12,0,1402,2,0,184
Cachoeira Dourada,0,0,0,0,0,0,0,0,0,0
Caetanópolis,0,67,0,0,7,0,0,2,0,13
Caeté,81,530,0,0,70,70,0,3,47,0
Caiana,0,2,0,1,0,0,0,0,0,0
Cajuri,0,6,0,0,12,0,0,16,0,1589
Caldas,2,43,1955,280,37,0,46,69,0,41
Camanducaia,0,11,0,0,2,0,0,5,1,90
Cambuí,7,98,0,1,31,2,2889,98,4,150
Cambuquira,0,28,0,0,0,0,0,0,0,96
Campanário,0,3,0,0,2,0,0,2,0,0
Campanha,0,13,0,0,1,0,0,0,0,0
Campestre,0,40,0,0,15,0,0,0,0,695
Campina Verde,0,56,0,0,5,0,0,1,3,1
Campo Azul,0,0,0,0,0,0,0,0,0,0
Campo Belo,0,38,0,0,1,0,0,1,0,0
Campo do Meio,0,13,0,0,2,0,0,1,0,0
Campo Florido,0,31,0,1,7,0,0,0,3,0
Campos Altos,0,0,0,0,0,0,0,0,0,0
Campos Gerais,0,753,0,1,51,0,0,26,1,2780
Canaã,0,0,0,0,0,0,0,1,0,0
Canápolis,0,7,0,0,0,0,0,0,0,0
Candeias,0,14,0,0,1,0,0,12,0,273
Cantagalo,0,0,0,0,0,0,0,0,0,1
Caparaó,0,0,0,0,0,0,0,0,0,0
Capela Nova,0,2,0,0,0,0,0,0,0,0
Capelinha,0,57,0,10,14,1,1,57,2,2185
Capetinga,0,16,0,0,2,0,0,0,0,0
Capim Branco,0,186,0,14,90,9,0,18,62,16
Capinópolis,0,135,0,0,7,0,0,5,4,3
Capitão Andrade,0,2,0,0,2,0,0,0,0,1
Capitão Enéas,0,14,0,0,3,0,0,0,0,0
Capitólio,0,8,0,0,0,0,0,0,0,0
Caputira,0,4,0,0,2,0,0,0,0,0
Caraí,0,24,0,4,11,0,0,14,1,45
Caranaíba,0,1,0,0,0,0,0,0,0,0
Carandaí,0,51,0,0,6,0,30,6306,0,7638
Carangola,0,5,0,0,2,0,0,0,0,0
Caratinga,0,291,0,19,234,10,0,204,21,1885
Carbonita,0,20,0,0,4,0,0,1,1,555
Careaçu,0,5,0,0,0,0,0,3,0,0
Carlos Chagas,0,12,0,0,6,0,0,0,0,0
Carmésia,0,0,0,0,0,0,0,0,0,0
Carmo da Cachoeira,0,2,0,0,0,0,0,0,0,0
Carmo da Mata,0,0,0,0,0,0,0,0,0,0
Carmo de Minas,0,410,0,8,47,21,0,21,28,0
Carmo do Cajuru,0,43,0,0,1,0,0,0,0,2429
Carmo do Paranaíba,0,12,0,0,0,0,0,7,0,189
Carmo do Rio Claro,0,17,0,0,2,0,0,2,2,2
Carmópolis de Minas,0,2,0,0,0,0,0,0,0,12329
Carneirinho,0,0,0,0,0,0,0,0,0,0
Carrancas,0,1,0,0,1,0,0,0,0,0
Carvalhópolis,0,0,0,0,1,0,0,0,0,54
Carvalhos,0,0,0,0,0,0,0,0,0,0
Casa Grande,0,0,0,0,0,0,0,1384,0,652
Cascalho Rico,0,21,0,0,0,0,0,0,0,2288
Cássia,0,151,0,0,5,0,0,0,4,0
Conceição da Barra de Minas,0,0,0,0,0,0,0,0,0,0
Cataguases,0,17,0,0,14,0,0,0,0,0
Catas Altas,0,2,0,0,1,0,0,0,0,0
Catas Altas da Noruega,0,2,0,0,1,0,0,2,0,2
Catuji,0,2,0,0,3,0,0,7,0,12
Catuti,0,0,0,0,0,0,0,0,0,0
Caxambu,0,0,0,0,1,1,0,0,0,0
Central de Minas,0,1,0,0,3,0,0,0,0,0
Centralina,0,5,0,0,0,0,0,0,0,0
Chácara,0,1,0,0,1,0,0,0,0,1
Chalé,0,0,0,0,0,0,0,0,0,0
Chapada do Norte,0,16,0,3,4,0,0,7,0,1
Chapada Gaúcha,0,0,0,0,0,0,0,0,0,0
Chiador,0,0,0,0,0,0,0,0,0,0
Cipotânea,0,1,0,0,1,0,0,0,0,0
Claraval,0,22,0,0,5,0,0,14,2,2
Claro dos Poções,0,197,0,0,5,0,0,112,0,25
Cláudio,0,22,0,0,10,0,0,13,0,347
Coimbra,0,31,0,0,11,0,0,9,0,1726
Coluna,0,0,0,0,0,0,0,0,0,0
Comendador Gomes,0,0,0,0,0,0,0,0,0,0
Comercinho,0,1,0,0,0,0,0,0,0,1
Conceição da Aparecida,0,16,0,0,5,0,0,9,1,0
Conceição das Pedras,0,0,0,0,0,0,0,0,0,624
Conceição das Alagoas,0,46,0,3,5,0,0,2,1,1
Conceição de Ipanema,0,0,0,0,0,0,0,0,0,0
Conceição do Mato Dentro,0,1,0,0,1,0,0,0,0,5
Conceição do Pará,0,6,0,0,2,0,0,0,0,0
Conceição do Rio Verde,0,0,0,0,0,0,0,0,0,500
Conceição dos Ouros,0,0,0,0,0,0,0,0,0,0
Cônego Marinho,0,22,0,0,5,0,0,1,0,0
Congonhal,0,9,59,0,3,0,1013,2,0,0
Congonhas,0,421,0,0,82,0,0,0,0,0
Congonhas do Norte,0,1,0,0,1,0,0,2,0,0
Conquista,0,45,0,0,1,0,0,0,0,0
Conselheiro Lafaiete,0,78,0,0,11,0,0,449,0,0
Conselheiro Pena,0,13,0,0,11,0,0,0,0,0
Consolação,0,11,0,0,2,0,475,0,0,49
Contagem,0,124,0,0,65,0,0,0,64,0
Coqueiral,0,9,0,0,2,0,0,2,1,0
Coração de Jesus,0,27,0,0,1,0,0,16,0,1271
Cordisburgo,0,2,0,0,0,0,0,0,0,271
Corinto,0,0,0,0,0,0,0,0,0,0
Coroaci,0,61,0,0,0,0,0,0,0,0
Coromandel,0,9,0,0,3,0,0,18,1,8
Coronel Fabriciano,0,66,0,0,18,0,0,6,0,0
Coronel Murta,0,11,0,1,4,0,0,1,0,2
Coronel Pacheco,0,10,0,0,14,0,0,0,0,0
Coronel Xavier Chaves,0,40,127,0,77,0,0,94,0,0
Córrego Danta,0,2,0,0,0,0,0,0,0,0
Córrego do Bom Jesus,0,5,0,0,3,0,108,0,0,76
Córrego Fundo,0,0,0,0,0,0,0,0,0,0
Córrego Novo,0,0,0,0,0,0,0,0,0,0
Couto de Magalhães de Minas,0,1,0,0,0,0,0,0,0,0
Crisólita,0,4,0,0,0,0,0,0,0,0
Cristais,0,19,0,0,0,0,0,5,0,9
Cristália,0,1,0,0,1,0,0,0,0,12
Cristiano Otoni,0,67,0,0,52,8,0,86,1,174
Cristina,0,3,0,13,7,0,0,108,0,515
Crucilândia,0,4,0,21,2,0,0,0,0,145
Cruzília,0,12,0,0,1,0,0,13,0,0
Cuparaque,0,0,0,0,0,0,0,0,0,0
Curral de Dentro,0,7,0,0,1,0,0,1,0,0
Curvelo,0,17,0,0,7,0,0,0,0,91
Datas,0,16,0,0,1,0,966,1,0,1
Delfim Moreira,0,2,0,0,0,0,45,22,0,200
Delfinópolis,0,0,0,0,0,0,0,0,0,0
Delta,0,0,0,0,0,0,0,0,0,0
Descoberto,0,0,0,0,0,0,0,0,0,0
Desterro de Entre Rios,0,10,0,0,1,0,0,0,0,0
Desterro do Melo,0,0,0,0,29,0,0,0,0,0
Diamantina,0,14,0,0,10,0,0,6,2,14
Dionísio,0,4,0,0,1,0,0,0,0,1
Divinésia,0,3,0,0,0,0,0,0,0,0
Divino,0,15,0,0,4,0,0,0,0,0
Divino das Laranjeiras,0,0,0,0,0,0,0,0,0,0
Divinolândia de Minas,0,0,0,0,0,0,0,0,0,0
Divinópolis,20,327,0,1,146,43,4,184,18,117
Divisa Alegre,0,11,0,0,0,0,0,0,0,0
Divisa Nova,0,27,0,0,4,0,0,13,3,0
Divisópolis,0,1,0,0,1,0,0,0,0,0
Dom Bosco,0,0,0,0,0,0,0,0,0,0
Dom Cavati,0,2,0,0,0,0,0,0,0,0
Dom Joaquim,0,1,0,0,1,0,0,0,0,0
Dom Silvério,0,3,0,0,1,0,0,0,0,0
Dom Viçoso,0,2,0,0,0,0,0,0,0,0
Dores de Campos,0,25,0,0,1,0,0,0,0,0
Dores de Guanhães,0,0,0,0,0,0,0,0,0,0
Dores do Indaiá,0,0,0,0,0,0,0,0,0,0
Dores do Turvo,0,2,0,0,0,0,0,0,0,0
Douradoquara,0,0,0,0,0,0,0,0,0,0
Durandé,0,0,0,0,0,0,0,0,0,0
Elói Mendes,6,32,0,0,18,2,0,2,3,54
Engenheiro Caldas,0,6,0,0,1,0,0,0,0,83
Engenheiro Navarro,0,2,0,0,2,0,0,1,0,0
Entre Folhas,0,10,0,0,15,0,0,0,0,0
Entre Rios de Minas,0,12,0,0,2,0,0,38,0,0
Ervália,0,32,0,0,3,0,0,5,0,1204
Esmeraldas,5,132,0,0,34,1,0,7,6,59
Espera Feliz,0,10,0,11,17,0,6,4,0,0
Espinosa,0,35,0,4,6,0,0,0,1,25
Espírito Santo do Dourado,0,41,9153,0,0,0,5136,0,0,0
Estiva,0,79,0,0,23,0,8237,32,1,443
Estrela Dalva,0,0,0,0,0,0,0,0,0,0
Estrela do Indaiá,0,0,0,0,0,0,0,0,0,0
Estrela do Sul,0,6,0,0,1,0,0,0,0,1233
Eugenópolis,0,266,0,1,197,21,0,0,25,0
Ewbank da Câmara,0,0,0,0,0,0,0,0,0,0
Extrema,0,55,0,0,13,0,0,2,1,54
Fama,0,9,0,0,4,0,0,0,0,0
Faria Lemos,0,0,0,0,0,0,0,0,0,0
Felício dos Santos,0,1,0,0,1,0,0,0,0,1
São Gonçalo do Rio Preto,0,0,0,0,0,0,0,0,0,0
Felisburgo,0,4,0,0,1,0,0,0,0,0
Felixlândia,0,2,0,0,1,0,0,0,0,0
Fernandes Tourinho,0,0,0,0,0,0,0,0,0,47
Ferros,0,2,0,0,0,0,0,0,0,0
Fervedouro,0,58,0,0,30,0,0,10,0,25
Florestal,0,608,0,0,0,0,0,0,0,39
Formiga,0,180,0,11,26,0,0,75,0,1470
Formoso,0,2,0,0,1,0,0,4,0,5
Fortaleza de Minas,0,8,0,0,1,0,0,6,0,0
Fortuna de Minas,0,5,0,0,0,0,0,0,0,0
Francisco Badaró,0,4,0,5,3,0,0,2,0,2
Francisco Dumont,0,3,0,0,3,0,0,0,0,0
Francisco Sá,0,26,0,3,3,0,0,0,0,4
Franciscópolis,0,3,0,0,1,0,0,1,0,3
Frei Gaspar,0,10,0,0,2,0,0,5,0,175
Frei Inocêncio,0,16,0,2,3,0,0,1,1,2
Frei Lagonegro,1,6,0,1,3,1,0,2,1,2
Fronteira,0,22,0,0,1,0,0,0,1,0
Fronteira dos Vales,0,0,0,0,0,0,0,0,0,0
Fruta de Leite,0,8,0,0,1,0,0,1,0,5
Frutal,0,95,0,0,19,0,0,0,14,11
Funilândia,0,9,0,0,1,0,0,0,0,0
Galiléia,0,0,0,0,0,0,0,0,0,0
Gameleiras,0,4,0,1,0,0,0,0,0,0
Glaucilândia,0,15,0,0,2,0,0,0,0,5
Goianá,0,0,0,0,1,0,0,0,0,0
Gonçalves,0,9,0,0,2,2,8,3,2,149
Gonzaga,0,4,0,0,3,0,0,1,0,1
Gouveia,0,31,3,5,20,0,3,14,0,13
Governador Valadares,0,104,0,3,40,0,0,31,2,1
Grão Mogol,0,3,0,0,2,0,0,0,0,71
Grupiara,0,0,0,0,0,0,0,0,0,0
Guanhães,0,21,0,2,14,0,0,4,2,8
Guapé,0,105,0,0,1,0,0,13,0,350
Guaraciaba,0,21,0,0,5,0,0,4,0,0
Guaraciama,0,9,0,0,4,0,0,0,0,0
Guaranésia,0,38,0,0,3,0,0,0,0,0
Guarani,0,7,0,0,1,0,0,0,0,0
Guarará,0,2,0,0,2,0,0,0,0,0
Guarda-Mor,0,3,0,0,1,0,0,0,0,0
Guaxupé,0,59,0,0,17,0,0,0,0,0
Guidoval,0,42,0,0,40,0,0,0,1,392
Guimarânia,0,0,0,906,0,0,0,191,0,3463
Guiricema,0,2,0,0,1,0,0,0,0,206
Gurinhatã,0,12,0,0,0,0,0,0,0,0
Heliodora,0,5,0,0,0,0,0,0,0,0
Iapu,0,3,0,0,5,0,0,0,0,5497
Ibertioga,0,0,174,0,0,0,0,102,0,0
Ibiá,0,20,0,0,3,0,0,0,0,0
Ibiaí,0,0,0,0,0,0,0,0,0,0
Ibiracatu,0,2,0,0,1,0,0,0,0,0
Ibiraci,0,61,0,0,4,0,0,7,3,351
Ibirité,0,42,0,0,33,1,0,0,68,22
Ibitiúra de Minas,0,0,0,0,0,0,0,0,0,0
Icaraí de Minas,0,10,0,0,0,0,0,1,0,0
Igarapé,0,552,0,0,1441,0,0,0,0,285
Igaratinga,0,18,0,0,1,0,0,1,0,0
Iguatama,0,0,0,0,0,0,0,0,0,0
Ijaci,0,26,0,0,9,0,0,8,0,10
Ilicínea,0,1,0,0,0,0,0,0,0,0
Imbé de Minas,0,103,0,0,42,1,0,22,0,1246
Inconfidentes,0,55,0,0,2,1,2,11,10,133
Indaiabira,0,4,0,83,1,0,0,3,0,482
Indianópolis,0,0,0,0,0,0,0,0,0,1860
Ingaí,0,0,0,0,0,0,0,0,0,0
Inhapim,0,4,0,0,3,0,0,0,0,1666
Inhaúma,0,6,0,0,0,0,0,0,0,0
Inimutaba,0,0,0,0,0,0,0,0,0,0
Ipaba,0,32,0,0,1,0,0,0,0,0
Ipanema,0,11,0,0,4,0,0,0,0,0
Ipatinga,0,2,0,0,1,0,0,0,0,0
Ipiaçu,0,0,0,0,0,0,0,0,0,0
Ipuiúna,0,10,2638,0,0,0,107,0,0,0
Iraí de Minas,0,4,0,0,0,0,0,0,0,0
Itabira,0,42,0,0,2,0,0,2,2,0
Itabirinha,0,1,0,0,1,0,0,0,0,1
Itabirito,0,22,0,0,11,0,0,1,1,1
Itacambira,0,4,0,0,1,0,0,1,0,6
Itacarambi,0,2,0,0,2,0,0,0,1,1
Itaguara,0,2,0,0,8,0,0,3,0,798
Itaipé,0,5,0,0,1,0,0,1,0,2
Itajubá,5,293,0,4,26,3,0,41,22,196
Itamarandiba,0,41,0,6,11,1,0,21,0,271
Itamarati de Minas,0,21,0,0,22,0,0,0,0,17
Itambacuri,0,33,0,2,27,0,0,12,1,14
Itambé do Mato Dentro,0,0,0,0,0,0,0,0,0,0
Itamogi,0,41,0,0,16,0,0,0,0,0
Itamonte,0,6,0,1,0,0,0,1,0,1
Itanhandu,0,47,0,0,2,0,0,2,1,0
Itanhomi,0,8,0,2,9,0,0,0,0,1
Itaobim,0,15,0,3,14,0,0,0,0,2
Itapagipe,0,0,0,0,0,0,0,0,0,0
Itapecerica,0,31,0,0,3,1,0,20,0,57
Itapeva,0,10,0,0,4,0,479,0,0,0
Itatiaiuçu,0,17,0,0,38,0,0,0,0,277
Itaú de Minas,0,3,0,0,8,0,0,0,0,0
Itaúna,0,283,0,0,5,0,0,0,0,0
Itaverava,0,1,58,0,0,0,0,0,0,0
Itinga,0,15,0,2,5,0,0,4,0,6
Itueta,0,1,0,0,2,0,0,0,0,15
Ituiutaba,26,246,0,0,73,4,0,14,15,4
Itumirim,0,0,0,0,0,0,0,0,0,0
Iturama,0,47,0,0,20,0,0,0,14,0
Itutinga,0,0,0,0,0,0,0,0,0,0
Jaboticatubas,0,145,0,0,6,0,0,0,0,245
Jacinto,0,239,0,0,1,0,0,0,0,0
Jacuí,0,7,0,0,1,0,0,10,0,0
Jacutinga,0,25,0,0,11,0,0,0,6,708
Jaguaraçu,0,0,0,0,0,0,0,0,0,0
Jaíba,0,94,0,804,7,0,0,0,0,64
Jampruca,0,6,0,0,4,0,0,0,0,1
Janaúba,0,84,0,0,32,0,0,0,3,48
Januária,0,42,0,0,8,0,0,0,3,0
Japaraíba,0,0,0,0,0,0,0,0,0,0
Japonvar,0,1,0,0,0,0,0,0,0,0
Jeceaba,0,1,0,0,1,0,0,0,0,0
Jenipapo de Minas,0,2,0,0,2,0,0,15,0,1
Jequeri,0,26,0,0,19,0,0,0,0,0
Jequitaí,0,171,0,0,4,0,0,1,1,1
Jequitibá,0,16,0,0,0,0,0,0,0,1662
Jequitinhonha,0,33,0,3,17,0,0,0,1,11
Jesuânia,0,0,0,0,0,0,0,0,0,0
Joaíma,0,8,0,0,1,0,0,0,0,5
Joanésia,0,0,0,0,1,0,0,0,0,0
João Monlevade,1,126,0,0,17,2,0,10,3,3
João Pinheiro,0,61,0,3,20,0,0,12,0,23
Joaquim Felício,0,13,0,0,1,0,0,0,0,0
Jordânia,0,2,0,0,1,0,0,0,0,0
José Gonçalves de Minas,0,3,0,1,1,0,0,1,0,4
José Raydan,0,4,0,0,1,0,0,1,0,750
Josenópolis,0,1,0,0,0,0,0,1,0,0
Nova União,0,8,0,0,3,0,0,0,0,0
Juatuba,0,222,0,0,270,0,0,0,0,0
Juiz de Fora,6,804,0,7,451,40,0,28,21,42
Juramento,0,5,0,0,8,0,0,1,0,13
Juruaia,0,0,0,0,0,0,0,0,0,0
Juvenília,0,16,0,0,1,0,0,0,0,0
Ladainha,0,26,0,3,19,0,0,24,0,14
Lagamar,0,0,0,0,0,0,0,0,0,0
Lagoa da Prata,0,65,0,0,3,0,0,3,0,0
Lagoa dos Patos,0,0,0,0,0,0,0,0,0,0
Lagoa Dourada,0,12,0,0,58,0,0,4088,0,9232
Lagoa Formosa,0,131,0,0,32,0,0,256,0,5229
Lagoa Grande,0,6,0,0,0,0,0,0,0,0
Lagoa Santa,0,33,0,0,19,0,0,0,3,9
Lajinha,0,10,0,0,3,0,0,0,0,299
Lambari,0,19,0,0,6,0,0,10,0,0
Lamim,0,4,0,0,0,0,0,1,0,0
Laranjal,0,0,0,0,0,0,0,0,0,0
Lassance,0,3,0,0,1,0,0,2,0,0
Lavras,11,135,29,5,27,1,0,41,1,35
Leandro Ferreira,0,0,0,0,0,0,0,0,0,0
Leme do Prado,0,7,0,0,1,0,0,3,0,6
Leopoldina,0,2,0,0,3,0,0,0,0,0
Liberdade,0,209,0,0,0,0,0,0,0,0
Lima Duarte,1,52,0,3,17,1,0,7,2,0
Limeira do Oeste,0,0,0,0,0,0,0,0,0,0
Lontra,0,0,0,0,0,0,0,0,0,0
Luisburgo,0,14,0,0,8,0,0,2,0,0
Luislândia,0,36,0,0,9,0,0,0,0,1
Luminárias,0,0,0,0,0,0,0,0,0,0
Luz,0,44,0,0,7,0,0,4,0,0
Machacalis,0,2,0,0,1,0,0,0,0,0
Machado,0,55,295,119,21,2,0,20,1,312
Madre de Deus de Minas,0,0,0,0,0,0,0,0,0,0
Malacacheta,0,51,0,9,11,0,0,32,1,154
Mamonas,0,3,0,0,0,0,0,0,0,0
Manga,0,24,0,600,2,0,0,0,0,4
Manhuaçu,0,62,0,13,41,5,0,347,0,425
Manhumirim,0,10,0,0,5,0,0,0,0,0
Mantena,0,21,1,0,8,0,0,0,0,16
Maravilhas,0,12,0,0,1,0,0,0,0,3241
Mar de Espanha,0,8,0,0,5,0,0,0,0,0
Maria da Fé,0,145,0,5,41,4,0,529,5,357
Mariana,0,47,0,1,26,2,0,5,3,3
Marilac,0,0,0,0,0,0,0,0,0,0
Mário Campos,111,2327,0,0,517,173,0,6,207,1
Maripá de Minas,0,0,0,0,0,0,0,0,0,0
Marliéria,0,6,0,0,0,0,0,0,0,0
Marmelópolis,0,0,0,0,0,0,0,123,0,440
Martinho Campos,0,0,0,0,0,0,0,0,0,0
Martins Soares,0,0,0,0,0,0,0,0,0,0
Mata Verde,0,0,0,0,0,0,0,0,0,0
Materlândia,0,0,0,0,0,0,0,0,0,0
Mateus Leme,0,62,0,0,10,1,0,42,0,849
Matias Barbosa,0,4,0,0,2,0,0,0,0,0
Matias Cardoso,0,16,0,0,10,0,0,0,0,9
Matipó,2,21,0,0,10,0,0,0,0,30
Mato Verde,0,7,0,24,2,0,0,0,0,0
Matozinhos,0,0,0,0,0,0,0,0,0,0
Matutina,0,0,0,0,0,0,0,0,0,0
Medeiros,0,0,0,0,0,0,0,0,0,0
Medina,0,20,0,0,3,0,0,1,0,181
Mendes Pimentel,0,2,0,0,1,0,0,0,0,1
Mercês,0,38,0,0,11,0,0,2,0,0
Mesquita,0,1,0,0,1,0,0,0,0,0
Minas Novas,0,55,0,6,18,1,0,42,2,82
Minduri,0,1,0,0,0,0,0,0,0,0
Mirabela,0,4,0,0,0,0,0,0,0,3
Miradouro,0,9,0,3,4,0,3,3,0,0
Miraí,0,5,0,0,0,0,0,0,0,0
Miravânia,0,3,0,0,0,0,0,0,0,0
Moeda,0,0,0,0,0,0,0,0,0,0
Moema,0,14,0,0,3,0,0,0,0,0
Monsenhor Paulo,0,226,0,0,2,0,0,1,2,0
Montalvânia,0,19,0,0,2,0,0,0,1,3
Monte Alegre de Minas,0,55,0,0,7,0,0,0,0,0
Monte Azul,0,20,0,2,0,0,0,0,2,27
Monte Belo,0,26,0,0,3,0,0,12,1,7
Monte Carmelo,0,127,0,0,8,0,0,5,0,12304
Monte Formoso,0,2,0,2,1,0,0,0,0,1
Monte Santo de Minas,1,43,0,0,3,0,0,2,3,0
Montes Claros,8,562,3,20,314,6,5,134,24,405
Monte Sião,0,21,0,0,14,0,0,8,1,0
Montezuma,0,3,0,0,0,0,0,0,0,1
Morada Nova de Minas,0,26,0,0,1,0,0,1,0,0
Morro da Garça,0,0,0,0,0,0,0,0,0,0
Munhoz,0,16,0,0,19,0,799,104,0,482
Muriaé,0,189,0,0,116,0,0,0,0,5
Mutum,0,8,0,1,26,0,0,70,0,1087
Muzambinho,0,44,0,0,19,0,0,0,1,0
Nacip Raydan,0,0,0,0,0,0,0,0,0,0
Nanuque,0,0,0,1,0,0,0,0,0,0
Naque,0,0,0,0,0,0,0,0,0,0
Natércia,0,0,0,0,0,0,0,0,0,0
Nazareno,0,0,0,0,0,0,0,0,0,0
Nepomuceno,0,64,0,0,10,0,0,85,0,6
Ninheira,0,22,0,0,1,0,0,0,1,5
Nova Belém,0,2,0,0,0,0,0,0,0,1
Nova Era,0,10,0,0,5,0,0,0,0,0
Nova Lima,0,8,0,0,3,1,0,0,1,0
Nova Módica,0,4,0,0,4,0,0,0,0,0
Nova Ponte,0,23,0,0,5,0,0,0,0,0
Nova Porteirinha,0,30,0,0,2,0,0,0,0,2
Nova Resende,0,24,0,0,1,0,0,1,0,0
Nova Serrana,0,3,0,0,3,0,0,1,0,0
Novo Cruzeiro,0,45,0,5,9,0,0,75,0,5
Novo Oriente de Minas,0,1,0,0,1,0,0,0,0,0
Novorizonte,0,4,0,0,0,0,0,0,0,0
Olaria,0,1,0,1,4,0,0,6,0,0
Olhos-d'Água,0,11,0,1,4,0,0,2,0,629
Olímpio Noronha,0,0,0,0,0,0,0,0,0,0
Oliveira,4,61,0,1,28,3,0,13,4,2905
Oliveira Fortes,0,0,0,0,0,0,0,0,0,0
Onça de Pitangui,0,0,0,0,0,0,0,0,0,3556
Oratórios,0,5,0,0,0,0,0,0,0,0
Orizânia,0,6,0,0,5,0,0,0,0,0
Ouro Branco,0,86,451,0,34,1,0,251,1,103
Ouro Fino,2,98,0,0,4,1,0,24,3,110
Ouro Preto,3,334,0,5,108,5,4,6,9,225
Ouro Verde de Minas,0,1,0,0,1,0,0,2,0,9
Padre Carvalho,0,0,0,0,0,0,0,0,0,0
Padre Paraíso,0,12,0,0,4,0,0,8,0,0
Paineiras,0,2,0,0,0,0,0,0,0,0
Pains,0,0,0,0,0,0,0,0,0,0
Pai Pedro,0,1,0,0,0,0,0,0,0,0
Paiva,0,0,0,0,0,0,0,0,0,0
Palma,0,0,0,0,0,0,0,0,0,0
Palmópolis,0,0,0,0,0,0,0,0,0,0
Papagaios,0,7,0,0,2,0,0,3,0,30
Paracatu,0,32,0,0,10,0,0,4,1,4
Pará de Minas,5,192,0,0,21,1,0,1,2,1480
Paraguaçu,5,224,0,0,12,1,0,87,3,153
Paraisópolis,0,67,0,15,6,0,398,27,1,426
Paraopeba,0,104,0,0,14,1,0,1,2,19
Passa Quatro,0,18,0,0,1,0,0,40,0,12
Passa Tempo,0,51,0,0,83,0,0,26,0,13546
Passa Vinte,0,13,0,0,1,0,0,25,0,0
Passos,4,330,0,0,83,7,0,23,34,40
Patis,0,2,0,0,0,0,0,0,0,0
Patos de Minas,18,163,0,2544,39,29,0,247,35,162
Patrocínio,32,217,0,1382,20,0,0,1441,0,3328
Patrocínio do Muriaé,0,0,0,0,0,0,0,0,0,0
Paula Cândido,0,14,0,0,14,0,0,12,0,1636
Paulistas,0,0,0,0,0,0,0,0,0,0
Pavão,0,8,0,0,3,0,0,0,0,0
Peçanha,0,16,0,3,5,0,0,4,0,2
Pedra Azul,0,32,0,0,3,0,0,4,1,0
Pedra Bonita,0,2,0,0,0,0,0,0,0,0
Pedra do Anta,0,5,0,0,6,0,0,1,0,30
Pedra do Indaiá,0,5,0,0,1,0,0,0,0,0
Pedra Dourada,0,2,0,0,0,0,0,2,0,0
Pedralva,0,13,0,0,7,0,0,123,0,480
Pedras de Maria da Cruz,0,8,0,0,6,0,0,0,0,0
Pedrinópolis,0,2,0,0,0,0,0,0,0,0
Pedro Leopoldo,0,143,0,0,131,0,0,0,0,29
Pedro Teixeira,0,2,0,0,0,0,0,0,0,0
Pequi,0,6,0,0,2,0,0,3,0,1430
Perdigão,0,44,0,0,66,1,0,3,1,0
Perdizes,0,155,0,0,0,0,0,4,0,0
Perdões,0,41,0,1,13,5,0,14,1,0
Periquito,0,1,0,0,1,0,0,0,0,0
Pescador,0,1,0,0,0,0,0,0,0,0
Piau,0,37,0,0,3,0,0,0,0,0
Piedade de Caratinga,39,3149,0,303,1109,64,0,2228,47,2506
Piedade de Ponte Nova,0,6,0,0,0,0,0,0,0,0
Piedade do Rio Grande,0,0,0,0,1,0,0,0,0,0
Piedade dos Gerais,0,0,0,87,0,0,0,0,0,0
Pimenta,0,24,0,0,0,0,0,0,0,4937
Pintópolis,0,3,0,0,0,0,0,0,0,5
Piracema,0,0,0,0,0,0,0,0,0,90
Pirajuba,0,0,0,0,0,0,0,0,0,0
Piranga,0,11,0,1,5,0,0,3,0,7
Piranguçu,0,44,0,0,17,0,0,0,0,0
Piranguinho,0,219,0,0,3,1,0,0,1,474
Pirapora,0,49,0,0,15,0,0,0,4,4
Piraúba,0,0,0,0,0,0,0,0,0,548
Pitangui,0,18,0,0,2,0,0,0,0,242
Piumhi,0,12,0,0,1,0,0,0,0,710
Planura,0,2,0,0,0,0,0,0,0,0
Poço Fundo,0,39,448,0,2,0,0,3,0,143
Poços de Caldas,13,175,0,0,43,10,0,8,20,194
Pocrane,0,1,0,0,0,0,0,0,0,0
Pompéu,4,40,0,1,2,0,0,8,0,95
Ponte Nova,0,51,0,0,32,7,0,3,2,11
Ponto dos Volantes,0,5,0,2,2,0,0,1,0,3
Porteirinha,0,26,0,2,7,0,0,1,1,17
Porto Firme,0,31,0,0,18,1,0,3,1,12
Poté,0,11,0,0,5,0,0,5,0,1
Pouso Alegre,21,819,0,39,16,1,38111,221,3,800
Pouso Alto,0,65,0,1,8,1,0,4,1,6
Prados,0,12,0,0,11,0,0,0,0,0
Prata,0,71,0,0,11,0,0,0,0,0
Pratápolis,0,53,0,0,7,0,0,1,3,0
Pratinha,0,0,0,0,0,0,0,0,0,0
Presidente Bernardes,0,0,0,0,0,0,0,0,0,0
Presidente Kubitschek,0,1,0,0,1,0,0,0,0,1
Presidente Olegário,0,22,0,0,2,0,0,40,0,75
Alto Jequitibá,0,0,0,0,0,0,0,0,0,0
Prudente de Morais,0,11,0,0,11,0,0,0,0,0
Quartel Geral,0,0,0,0,0,0,0,0,0,0
Queluzito,0,0,0,0,0,0,0,0,0,0
Raposos,0,8,0,0,3,0,0,0,0,0
Raul Soares,0,33,0,0,7,0,0,25,0,111
Recreio,0,0,0,0,0,0,0,0,0,0
Reduto,0,45,0,0,30,0,0,0,0,0
Resende Costa,0,31,0,0,16,0,0,7,0,0
Resplendor,0,0,0,0,1,0,0,0,0,0
Ressaquinha,0,0,0,0,0,0,1042,104,0,1015
Riachinho,0,0,0,0,0,0,0,0,0,0
Riacho dos Machados,0,9,0,0,2,0,0,0,0,1
Ribeirão das Neves,106,1183,0,0,323,102,0,3,128,0
Ribeirão Vermelho,0,0,0,0,0,0,0,0,0,0
Rio Acima,0,10,0,0,3,0,0,0,1,0
Rio Casca,0,7,0,0,1,0,0,0,0,0
Rio Doce,0,2,0,0,0,0,0,0,0,0
Rio do Prado,0,0,0,0,0,0,0,0,0,0
Rio Espera,0,6,0,0,9,0,0,2,0,7
Rio Manso,0,11,0,20,0,0,0,11,0,140
Rio Novo,0,22,0,0,12,0,0,0,0,0
Rio Paranaíba,0,0,0,0,0,0,0,0,0,1142
Rio Pardo de Minas,0,30,0,20,9,0,0,4,1,1057
Rio Piracicaba,0,10,0,0,5,0,0,5,0,3
Rio Pomba,0,13,0,0,2,0,0,1,0,0
Rio Preto,0,4,0,0,1,0,0,0,0,0
Rio Vermelho,0,0,0,0,0,0,0,0,0,1
Ritápolis,0,0,0,0,0,0,0,0,0,0
Rodeiro,0,1,0,0,0,0,0,0,0,44
Romaria,0,0,0,0,0,0,0,0,0,0
Rosário da Limeira,0,4,0,0,1,0,0,0,0,0
Rubelita,0,4,0,0,2,0,0,0,0,270
Rubim,0,1,0,0,1,0,0,0,0,0
Sabará,3,47,0,0,52,3,0,15,10,110
Sabinópolis,0,12,0,1,5,0,0,1,0,116
Sacramento,0,2,0,0,1,0,0,0,0,3367
Salinas,0,32,0,11,27,1,0,4,1,979
Salto da Divisa,0,0,0,0,0,0,0,0,0,0
Santa Bárbara,0,26,0,0,7,1,0,3,1,5
Santa Bárbara do Leste,0,2,0,0,2,0,0,192,0,1124
Santa Bárbara do Monte Verde,0,0,0,0,0,0,0,0,0,0
Santa Bárbara do Tugúrio,0,1,0,0,2,0,10,0,0,31
Santa Cruz de Salinas,0,1,0,0,1,0,0,0,0,0
Santa Cruz do Escalvado,0,1,0,0,1,0,0,0,0,0
Santa Efigênia de Minas,0,0,0,0,1,0,0,0,0,0
Santa Fé de Minas,0,3,0,0,0,0,0,0,0,6
Santa Helena de Minas,0,0,0,0,0,0,0,0,0,0
Santa Juliana,0,15,0,0,0,0,0,1,0,0
Santa Luzia,0,3,0,0,3,0,0,0,0,0
Santa Margarida,0,2,0,0,3,0,0,0,0,0
Santa Maria de Itabira,0,3,0,0,2,0,0,0,0,1
Santa Maria do Salto,0,3,0,0,0,0,0,0,0,0
Santa Maria do Suaçuí,0,28,0,0,9,0,0,4,0,4
Santana da Vargem,0,1509,0,0,0,0,0,4,0,0
Santana de Cataguases,0,1,0,1,0,0,0,0,0,0
Santana de Pirapama,0,6,0,0,3,0,0,0,0,439
Santana do Deserto,0,0,0,0,0,0,0,0,0,0
Santana do Garambéu,0,0,0,0,0,0,0,0,0,0
Santana do Manhuaçu,0,6,0,0,2,0,0,0,0,0
Santana do Paraíso,0,22,0,0,1,0,0,0,0,0
Santana do Riacho,0,3,0,0,1,0,0,1,0,0
Santa Rita de Caldas,0,7,1910,0,0,0,0,0,0,0
Santa Rita de Jacutinga,0,3,0,1,7,0,0,1,0,0
Santa Rita de Minas,0,16,0,0,10,0,0,0,0,132
Santa Rita de Ibitipoca,0,0,0,0,0,0,0,0,0,0
Santa Rita do Itueto,0,0,0,0,0,0,0,0,0,0
Santa Rita do Sapucaí,0,26,0,0,3,0,53,0,4,0
Santa Rosa da Serra,0,0,0,0,0,0,0,0,0,0
Santa Vitória,0,81,0,0,13,0,0,0,1,0
Santo Antônio do Amparo,0,4,0,0,1,0,0,0,0,0
Santo Antônio do Aventureiro,0,0,0,0,0,0,0,0,0,76
Santo Antônio do Grama,0,3,0,0,1,0,0,0,0,0
Santo Antônio do Itambé,0,0,0,0,0,0,0,0,0,0
Santo Antônio do Jacinto,0,6,0,1,2,0,0,0,0,1
Santo Antônio do Monte,0,84,0,0,57,0,0,4,0,45
Santo Antônio do Retiro,0,25,0,9,6,0,0,6,0,59
Santo Hipólito,0,0,0,0,0,0,0,0,0,0
Santos Dumont,0,74,0,0,22,1,8,6,0,0
São Bento Abade,0,9,0,0,0,0,0,22,0,0
São Brás do Suaçuí,0,0,0,0,0,0,0,0,0,0
São Domingos das Dores,0,47,0,0,1,0,0,0,0,52
São Domingos do Prata,15,153,0,0,44,1,0,52,2,80
São Félix de Minas,0,0,0,0,0,0,0,0,0,0
São Francisco,0,11,0,0,5,0,0,0,4,0
São Francisco de Paula,0,0,0,0,0,0,0,0,0,0
São Francisco do Glória,0,15,0,0,8,0,0,0,0,0
São Geraldo,0,12,0,0,3,0,0,0,0,752
São Geraldo da Piedade,0,0,0,0,0,0,0,0,0,0
São Geraldo do Baixio,0,0,0,0,0,0,0,0,0,0
São Gonçalo do Abaeté,0,3,0,0,5,0,0,0,0,0
São Gonçalo do Pará,8,98,0,3,15,5,0,17,4,1
São Gonçalo do Rio Abaixo,3,97,0,0,17,1,0,3,2,0
São Gonçalo do Sapucaí,1,30,0,0,6,1,346,30,1,3093
São Gotardo,124,34,0,0,3,0,0,3630,1,245
São João Batista do Glória,0,76,0,0,5,1,0,2,2,0
São João da Lagoa,0,2,0,0,0,0,0,0,0,46
São João da Mata,0,0,0,0,0,0,0,0,0,0
São João da Ponte,0,4,0,0,3,0,0,1,0,3
São João das Missões,0,2,0,0,0,0,0,0,0,3
São João del Rei,0,129,0,0,31,0,0,22,0,94
São João do Manhuaçu,0,5,0,0,2,0,0,0,0,394
São João do Manteninha,0,3,0,0,1,0,0,0,0,0
São João do Oriente,0,0,0,0,0,0,0,0,0,0
São João do Pacuí,0,0,0,0,0,0,0,0,0,0
São João do Paraíso,0,22,0,0,6,0,0,4,0,4
São João Evangelista,0,14,0,0,11,1,0,68,0,4
São João Nepomuceno,0,7,0,0,2,0,0,0,0,0
São Joaquim de Bicas,47,1240,0,0,2702,27,0,0,22,357
São José da Barra,0,10,0,0,6,0,0,2,0,0
São José da Lapa,0,7,0,0,17,0,0,0,6,0
São José da Safira,0,0,0,0,0,0,0,0,0,7
São José da Varginha,0,0,0,0,0,0,0,0,0,5496
São José do Alegre,0,0,0,0,0,0,0,0,0,0
São José do Divino,0,1,0,0,0,0,0,0,0,2
São José do Goiabal,0,4,0,0,1,0,0,0,0,0
São José do Jacuri,0,14,0,0,14,1,0,1,1,295
São José do Mantimento,0,4,0,0,0,0,0,0,0,0
São Lourenço,0,0,0,0,0,0,0,0,0,0
São Miguel do Anta,0,13,0,0,10,0,0,9,0,424
São Pedro da União,0,10,0,0,1,0,0,0,0,0
São Pedro dos Ferros,0,15,0,0,6,0,0,0,0,0
São Pedro do Suaçuí,0,1,0,0,0,0,0,1,0,0
São Romão,0,6,0,0,4,0,0,0,0,3
São Roque de Minas,0,0,0,0,0,0,0,0,0,0
São Sebastião da Bela Vista,0,0,0,0,0,0,0,0,0,0
São Sebastião da Vargem Alegre,0,0,0,0,0,0,0,8,0,79
São Sebastião do Anta,0,13,0,0,12,0,0,0,0,0
São Sebastião do Maranhão,0,2,0,0,0,0,0,1,0,2
São Sebastião do Oeste,6,72,0,0,27,2,0,6,8,0
São Sebastião do Paraíso,14,249,0,12,68,1,0,231,13,10351
São Sebastião do Rio Preto,0,0,0,0,0,0,0,0,0,0
São Sebastião do Rio Verde,0,0,0,0,0,0,0,0,0,0
São Tiago,0,16,0,1,6,0,0,1,0,2
São Tomás de Aquino,0,4,0,0,0,0,0,0,0,0
São Tomé das Letras,0,14,0,0,6,0,0,1,0,0
São Vicente de Minas,0,8,0,0,0,0,0,0,0,108
Sapucaí-Mirim,0,5,0,2,2,0,0,18,1,180
Sardoá,0,2,0,0,1,0,0,0,0,0
Sarzedo,192,3244,0,0,462,383,0,0,301,0
Setubinha,0,5,0,0,2,0,0,4,0,22
Sem-Peixe,0,2,0,0,0,0,0,0,0,1
Senador Amaral,0,0,0,0,0,0,5642,0,0,0
Senador Cortes,0,0,0,0,0,0,0,0,0,0
Senador Firmino,0,0,0,0,0,0,0,0,0,0
Senador Modestino Gonçalves,0,2,0,0,1,0,0,3,0,1
Senhora de Oliveira,0,1,0,0,1,0,0,1,0,0
Senhora do Porto,0,0,0,0,0,0,0,0,0,0
Senhora dos Remédios,0,2,0,0,3,0,0,0,0,104
Sericita,0,0,0,0,0,0,0,0,0,0
Seritinga,0,0,0,0,0,0,0,0,0,0
Serra da Saudade,0,0,0,0,0,0,0,0,0,0
Serra dos Aimorés,0,42,0,0,4,1,0,0,1,0
Serra do Salitre,0,0,0,0,0,0,0,0,0,1933
Serrania,0,15,0,0,8,0,0,0,0,0
Serranópolis de Minas,0,1,0,0,0,0,0,0,0,0
Serranos,0,0,0,0,0,0,0,0,0,0
Serro,0,5,0,0,5,0,0,1,0,1
Sete Lagoas,8,683,0,0,78,4,0,25,12,13
Silveirânia,0,2,0,0,4,0,0,0,0,0
Silvianópolis,0,1,1052,0,0,0,0,0,0,538
Simão Pereira,0,0,0,0,0,0,0,0,0,0
Simonésia,0,11,14,0,6,0,0,103,0,432
Sobrália,0,2,0,0,1,0,0,0,0,0
Soledade de Minas,0,18,0,5,5,0,0,3,1,0
Tabuleiro,0,0,0,0,0,0,0,0,0,0
Taiobeiras,0,23,0,4,6,0,0,17,0,1642
Taparuba,0,0,0,0,0,0,0,0,0,0
Tapira,0,0,0,0,0,0,0,0,0,0
Tapiraí,0,0,0,0,0,0,0,0,0,0
Taquaraçu de Minas,0,0,0,0,13,0,0,0,0,0
Tarumirim,0,7,0,0,3,0,0,0,0,5
Teixeiras,0,39,0,0,15,0,0,74,5,220
Teófilo Otoni,0,360,0,1,105,3,0,132,10,157
Timóteo,0,0,0,0,0,0,0,0,0,0
Tiradentes,0,0,0,0,0,0,0,0,0,0
Tiros,0,31,0,0,0,0,0,0,0,0
Tocantins,0,6,0,0,4,0,0,0,0,940
Tocos do Moji,0,15,0,0,2,0,2668,0,0,169
Toledo,0,181,2959,0,0,0,0,0,0,131
Tombos,0,0,0,0,0,0,0,0,0,0
Três Corações,7,184,0,0,19,5,0,18,7,294
Três Marias,0,51,0,0,43,0,0,0,0,0
Três Pontas,0,317,0,6,16,5,0,22,5,36
Tumiritinga,0,3,0,0,2,0,0,0,0,0
Tupaciguara,0,57,0,0,1,0,0,0,0,0
Turmalina,0,31,0,4,14,0,0,43,1,756
Turvolândia,0,1,407,0,0,0,0,0,0,2133
Ubá,0,55,0,0,42,0,0,0,0,240
Ubaí,0,0,0,0,0,0,0,0,0,0
Ubaporanga,0,286,0,27,258,4,0,0,14,1468
Uberaba,1642,2558,0,12,472,10,0,727,138,328
Uberlândia,26,2008,0,8,354,6,0,68,43,922
Umburatiba,0,0,0,0,0,0,0,0,0,0
Unaí,0,117,0,3,24,0,0,11,5,95
União de Minas,0,0,0,0,0,0,0,0,0,0
Uruana de Minas,0,14,0,0,0,0,0,0,0,0
Urucânia,0,178,0,0,52,5,0,0,3,0
Urucuia,0,18,0,0,2,0,0,0,0,0
Vargem Alegre,0,0,0,0,0,0,0,0,0,0
Vargem Bonita,0,0,0,0,0,0,0,0,0,0
Vargem Grande do Rio Pardo,0,1,0,1,0,0,0,1,0,3
Varginha,23,242,0,2,86,17,0,22,24,0
Varjão de Minas,0,4,0,0,1,0,0,0,0,0
Várzea da Palma,0,93,0,0,12,0,0,0,0,45
Varzelândia,0,7,0,2,2,0,0,2,0,5
Vazante,0,2,0,0,2,0,0,0,0,0
Verdelândia,0,17,0,0,2,0,0,0,0,1
Veredinha,0,23,0,1,8,0,0,8,1,22
Veríssimo,0,2,0,0,0,0,0,0,0,0
Vermelho Novo,0,0,0,0,0,0,0,0,0,0
Vespasiano,0,65,0,0,39,0,0,0,31,0
Viçosa,0,170,0,2,116,2,0,146,7,279
Vieiras,0,50,0,0,3,0,0,0,0,0
Mathias Lobato,0,0,0,0,0,0,0,0,0,0
Virgem da Lapa,0,8,0,2,3,0,0,1,1,3
Virgínia,0,6,0,2,2,0,0,103,0,431
Virginópolis,0,16,0,0,3,0,0,2,0,487
Virgolândia,0,6,0,2,3,0,0,3,0,2
Visconde do Rio Branco,0,19,0,0,9,0,0,2,0,0
Volta Grande,0,0,0,0,0,0,0,0,0,0
Wenceslau Braz,0,12,0,0,1,0,0,0,0,0
